-- phpMyAdmin SQL Dump
-- version 4.4.14
-- http://www.phpmyadmin.net
--
-- Host: localhost
-- Generation Time: Sep 30, 2015 at 12:44 AM
-- Server version: 5.6.26
-- PHP Version: 5.6.12

SET SQL_MODE = "NO_AUTO_VALUE_ON_ZERO";
SET time_zone = "+00:00";


/*!40101 SET @OLD_CHARACTER_SET_CLIENT=@@CHARACTER_SET_CLIENT */;
/*!40101 SET @OLD_CHARACTER_SET_RESULTS=@@CHARACTER_SET_RESULTS */;
/*!40101 SET @OLD_COLLATION_CONNECTION=@@COLLATION_CONNECTION */;
/*!40101 SET NAMES utf8mb4 */;

--
-- Database: `library`
--

-- --------------------------------------------------------

--
-- Table structure for table `activity`
--

CREATE TABLE IF NOT EXISTS `activity` (
  `s_id` int(11) NOT NULL,
  `book_no` varchar(50) NOT NULL,
  `due_date` datetime NOT NULL DEFAULT CURRENT_TIMESTAMP ON UPDATE CURRENT_TIMESTAMP,
  `return_date` varchar(100) NOT NULL,
  `fine` int(11) NOT NULL,
  `l_id` int(11) NOT NULL,
  `id` bigint(20) NOT NULL,
  `outsider` int(11) DEFAULT '0',
  `current_class` varchar(10) DEFAULT NULL,
  `checked` tinyint(4) DEFAULT NULL
) ENGINE=InnoDB AUTO_INCREMENT=26 DEFAULT CHARSET=latin1;

--
-- Dumping data for table `activity`
--

INSERT INTO `activity` (`s_id`, `book_no`, `due_date`, `return_date`, `fine`, `l_id`, `id`, `outsider`, `current_class`, `checked`) VALUES
(4, '300-03-97/1', '2015-09-21 14:44:12', ' 8 August, 2015', 0, 18, 1, 0, NULL, 0),
(4, '300-03-97/11', '2015-09-21 14:44:12', ' 6 August, 2015', 1, 18, 2, 0, NULL, 0),
(4, '300-03-97/2', '2015-09-21 14:44:12', ' 6 August, 2015', 1, 18, 3, 0, NULL, 0),
(810, '300-03-97/10', '2015-09-21 14:44:12', ' 6 August, 2015', 1, 20, 4, 0, NULL, 0),
(810, '300-03-97/11', '2015-09-21 14:44:12', ' 6 August, 2015', 1, 20, 5, 0, NULL, 0),
(810, '300-03-97/2', '2015-09-20 14:44:12', ' 6 August, 2015', 1, 20, 6, 0, NULL, 0),
(95, '300-03-97/11', '2015-09-21 14:44:12', ' 26 September, 2015', 0, 18, 7, 0, NULL, 0),
(95, '300-03-97/2', '2015-09-21 14:44:12', ' 26 September, 2015', 0, 18, 8, 0, NULL, 0),
(95, '300-03-97/10', '2015-09-21 14:44:12', ' 26 September, 2015', 1, 18, 9, 0, NULL, 0),
(14, '300-03-97/10', '2015-09-21 14:44:12', ' 9 September, 2015', 1, 18, 10, 0, NULL, 0),
(14, '300-03-97/4', '2015-09-21 14:44:12', ' 4 September, 2015', 1, 18, 11, 0, NULL, 0),
(14, '300-03-97/10', '2015-09-21 14:44:12', ' 4 September, 2015', 1, 18, 12, 0, NULL, 0),
(14, '300-03-97/6', '2015-09-21 14:44:12', ' 5 September, 2015', 1, 18, 13, 0, NULL, 0),
(14, '300-03-97/3', '2015-09-21 14:44:12', ' 11 September, 2015', 0, 18, 14, 0, NULL, 0),
(45, '300-03-97/10', '2015-09-21 14:44:12', ' 17 September, 2015', 0, 18, 15, 0, NULL, 0),
(572, '300-03-97/4', '2015-09-21 14:44:12', ' 18 September, 2015', 0, 18, 16, 0, NULL, 0),
(572, '300-03-97/5', '2015-09-21 14:44:12', ' 18 September, 2015', 0, 18, 17, 0, NULL, 0),
(572, '300-03-97/6', '2015-09-21 14:44:12', ' 18 September, 2015', 1, 18, 18, 0, NULL, 0),
(1, '300', '2015-09-25 12:28:19', ' 11 September, 2015', 1, 18, 19, 0, NULL, 1),
(1, '300', '2015-09-25 13:23:58', ' 26 September, 2015', 1, 18, 20, 0, NULL, 1),
(1, '300', '2015-09-25 14:34:19', ' 18 September, 2015', 1, 18, 21, 0, NULL, 1),
(1, '300', '2015-09-25 14:34:19', ' 26 September, 2015', 1, 18, 22, 0, NULL, 1),
(1, '300', '2015-09-25 14:34:55', ' 17 September, 2015', 1, 18, 23, 0, NULL, 1),
(1, '1', '2015-09-25 14:35:24', ' 4 September, 2015', 0, 18, 24, 0, NULL, 1),
(1, '300', '2015-09-25 14:35:26', ' 4 September, 2015', 0, 18, 25, 0, NULL, 1);

-- --------------------------------------------------------

--
-- Table structure for table `admin`
--

CREATE TABLE IF NOT EXISTS `admin` (
  `id` int(11) NOT NULL,
  `pwd` varchar(50) NOT NULL
) ENGINE=InnoDB AUTO_INCREMENT=2 DEFAULT CHARSET=latin1;

--
-- Dumping data for table `admin`
--

INSERT INTO `admin` (`id`, `pwd`) VALUES
(1, 'college');

-- --------------------------------------------------------

--
-- Table structure for table `books`
--

CREATE TABLE IF NOT EXISTS `books` (
  `book_no` varchar(50) NOT NULL,
  `book_title` varchar(50) NOT NULL,
  `book_cat` varchar(50) NOT NULL,
  `book_author` varchar(30) DEFAULT NULL,
  `publisher` varchar(50) DEFAULT NULL
) ENGINE=InnoDB DEFAULT CHARSET=latin1;

--
-- Dumping data for table `books`
--

INSERT INTO `books` (`book_no`, `book_title`, `book_cat`, `book_author`, `publisher`) VALUES
('1', 'ddd', 'dd', 'dd', 'dd'),
('300', 'computer', 'computer', 'author', 'bbi');

-- --------------------------------------------------------

--
-- Table structure for table `book_cat`
--

CREATE TABLE IF NOT EXISTS `book_cat` (
  `id` int(11) NOT NULL,
  `name` varchar(50) NOT NULL
) ENGINE=InnoDB DEFAULT CHARSET=latin1;

-- --------------------------------------------------------

--
-- Table structure for table `librarians`
--

CREATE TABLE IF NOT EXISTS `librarians` (
  `l_id` int(11) NOT NULL,
  `name` varchar(30) NOT NULL,
  `pwd` varchar(30) NOT NULL,
  `assign` varchar(100) DEFAULT NULL
) ENGINE=InnoDB AUTO_INCREMENT=19 DEFAULT CHARSET=latin1;

--
-- Dumping data for table `librarians`
--

INSERT INTO `librarians` (`l_id`, `name`, `pwd`, `assign`) VALUES
(18, 'college', 'college', 'admin');

-- --------------------------------------------------------

--
-- Table structure for table `prof_out`
--

CREATE TABLE IF NOT EXISTS `prof_out` (
  `id` int(11) NOT NULL,
  `name` varchar(50) NOT NULL,
  `title` varchar(30) DEFAULT NULL,
  `regist_date` timestamp NOT NULL DEFAULT CURRENT_TIMESTAMP ON UPDATE CURRENT_TIMESTAMP
) ENGINE=InnoDB AUTO_INCREMENT=7 DEFAULT CHARSET=latin1;

--
-- Dumping data for table `prof_out`
--

INSERT INTO `prof_out` (`id`, `name`, `title`, `regist_date`) VALUES
(1, 'billy', 'teacher', '2015-08-28 22:04:21'),
(2, 'aaa', 'dd', '2015-08-28 22:14:10'),
(3, 'bb', 'bb', '2015-08-31 12:09:18'),
(4, 'eros', 'umu', '2015-08-31 12:09:35'),
(5, 'aubin', 'rwesa', '2015-08-31 14:12:33'),
(6, 'bosco', 'teacher', '2015-09-09 12:13:19');

-- --------------------------------------------------------

--
-- Table structure for table `students`
--

CREATE TABLE IF NOT EXISTS `students` (
  `s_id` int(11) NOT NULL,
  `s_name` varchar(50) NOT NULL,
  `class` char(5) NOT NULL,
  `section` char(5) NOT NULL,
  `save_date` timestamp NOT NULL DEFAULT CURRENT_TIMESTAMP ON UPDATE CURRENT_TIMESTAMP,
  `pass` varchar(30) DEFAULT NULL,
  `activate` tinyint(1) DEFAULT NULL
) ENGINE=InnoDB AUTO_INCREMENT=910 DEFAULT CHARSET=latin1;

--
-- Dumping data for table `students`
--

INSERT INTO `students` (`s_id`, `s_name`, `class`, `section`, `save_date`, `pass`, `activate`) VALUES
(1, 'abera winny', 's1', 'a', '2015-09-25 15:21:16', 'test', 1),
(2, 'abikunda nikita', 's1', 'a', '2015-08-24 11:46:50', NULL, NULL),
(3, 'africa bruno', 's1', 'a', '2015-08-24 11:46:50', NULL, NULL),
(4, 'bagirishya kwizera gibrile', 's1', 'a', '2015-08-24 11:46:50', NULL, NULL),
(5, 'bigwi honore', 's1', 'a', '2015-08-24 11:46:50', NULL, NULL),
(6, 'cyubahiro bill elsie', 's1', 'a', '2015-08-24 11:46:50', NULL, NULL),
(7, 'cyubahiro steven', 's1', 'a', '2015-08-24 11:46:50', NULL, NULL),
(8, 'cyusa alec romain', 's1', 'a', '2015-08-24 11:46:50', NULL, NULL),
(9, 'dushimimana timothe', 's1', 'a', '2015-08-24 11:46:50', NULL, NULL),
(10, 'gwiza owen andy', 's1', 'a', '2015-08-24 11:46:50', NULL, NULL),
(11, 'habimana yasiri', 's1', 'a', '2015-08-24 11:46:51', NULL, NULL),
(12, 'hirwa cedric', 's1', 'a', '2015-08-24 11:46:51', NULL, NULL),
(13, 'hirwa leon parfait', 's1', 'a', '2015-08-24 11:46:51', NULL, NULL),
(14, 'igiraneza linda audrey', 's1', 'a', '2015-08-24 11:46:51', NULL, NULL),
(15, 'iradukunda eric', 's1', 'a', '2015-08-24 11:46:51', NULL, NULL),
(16, 'irankunda jack', 's1', 'a', '2015-08-24 11:46:51', NULL, NULL),
(17, 'isaro shania  kidman', 's1', 'a', '2015-08-24 11:46:51', NULL, NULL),
(18, 'kamikazi laure', 's1', 'a', '2015-08-24 11:46:51', NULL, NULL),
(19, 'karamira social cyrus', 's1', 'a', '2015-08-24 11:46:51', NULL, NULL),
(20, 'karenzi david', 's1', 'a', '2015-08-24 11:46:51', NULL, NULL),
(21, 'kayitana udahemuka rita', 's1', 'a', '2015-08-24 11:46:51', NULL, NULL),
(22, 'kayitare queen sonia', 's1', 'a', '2015-08-24 11:46:51', NULL, NULL),
(23, 'manzi kevin', 's1', 'a', '2015-08-24 11:46:51', NULL, NULL),
(24, 'mizero uwase florence', 's1', 'a', '2015-08-24 11:46:51', NULL, NULL),
(25, 'mugabo igitego israel', 's1', 'a', '2015-08-24 11:46:51', NULL, NULL),
(26, 'muhigirwa lorris', 's1', 'a', '2015-08-24 11:46:51', NULL, NULL),
(27, 'mukiza ange nicolas', 's1', 'a', '2015-08-24 11:46:51', NULL, NULL),
(28, 'munezero nana tracy', 's1', 'a', '2015-08-24 11:46:51', NULL, NULL),
(29, 'mutsinzi ivan', 's1', 'a', '2015-08-24 11:46:51', NULL, NULL),
(30, 'mwiza precious', 's1', 'a', '2015-08-24 11:46:51', NULL, NULL),
(31, 'ngabire peace', 's1', 'a', '2015-08-24 11:46:51', NULL, NULL),
(32, 'nkubiri rugero tresor', 's1', 'a', '2015-08-24 11:46:52', NULL, NULL),
(33, 'nshimiye hirwa germain', 's1', 'a', '2015-08-24 11:46:52', NULL, NULL),
(34, 'ousmane sy', 's1', 'a', '2015-08-24 11:46:52', NULL, NULL),
(35, 'rugangare ineza kenny', 's1', 'a', '2015-08-24 11:46:52', NULL, NULL),
(36, 'rusarika ibrahim', 's1', 'a', '2015-08-24 11:46:52', NULL, NULL),
(37, 'ruterana klaus', 's1', 'a', '2015-08-24 11:46:52', NULL, NULL),
(38, 'rwema nshuti bruno', 's1', 'a', '2015-08-24 11:46:52', NULL, NULL),
(39, 'shema nkindi giscard', 's1', 'a', '2015-08-24 11:46:52', NULL, NULL),
(40, 'shema planck nelly', 's1', 'a', '2015-08-24 11:46:52', NULL, NULL),
(41, 'teta mukunzi ange', 's1', 'a', '2015-08-24 11:46:52', NULL, NULL),
(42, 'umuhoza huguette', 's1', 'a', '2015-08-24 11:46:52', NULL, NULL),
(43, 'umutoni shadia', 's1', 'a', '2015-08-24 11:46:52', NULL, NULL),
(44, 'uwimana diane', 's1', 'a', '2015-08-24 11:46:52', NULL, NULL),
(45, 'uwubuntu kimenyi valentin', 's1', 'a', '2015-08-24 11:46:52', NULL, NULL),
(46, 'AGASARO SHALINA', 'S1', 'B', '2015-09-09 15:48:32', NULL, NULL),
(47, 'BIZIMANA ABRAHAM', 'S1', 'B', '2015-09-22 00:57:43', NULL, NULL),
(48, 'BIZIMANA HERVE', 's1', 'b', '2015-09-22 00:57:37', NULL, NULL),
(49, 'BORA EMMANUELLA', 'S1', 'b', '2015-09-22 00:57:42', NULL, NULL),
(50, 'DUSHIME DIVINE', 's1', 'b', '2015-09-22 00:57:39', NULL, NULL),
(51, 'GAHIGI MUGISHA ARTHUR', 's1', 'b', '2015-09-22 00:57:41', NULL, NULL),
(52, 'ganza david suart', 's1', 'b', '2015-08-24 11:46:53', NULL, NULL),
(53, 'ganza owen yhaan', 's1', 'b', '2015-08-24 11:46:53', NULL, NULL),
(54, 'gasaro ressa', 's1', 'b', '2015-08-24 11:46:53', NULL, NULL),
(55, 'icyemezo shima andy', 's1', 'b', '2015-08-24 11:46:53', NULL, NULL),
(56, 'imanzi eric', 's1', 'b', '2015-08-24 11:46:53', NULL, NULL),
(57, 'imfurayase batakariza graciella', 's1', 'b', '2015-08-24 11:46:53', NULL, NULL),
(58, 'iradukunda jonathan', 's1', 'b', '2015-08-24 11:46:53', NULL, NULL),
(59, 'irafasha aime', 's1', 'b', '2015-08-24 11:46:53', NULL, NULL),
(60, 'iribagiza denise', 's1', 'b', '2015-08-24 11:46:53', NULL, NULL),
(61, 'ishime impano hubert', 's1', 'b', '2015-08-24 11:46:53', NULL, NULL),
(62, 'ishimwe david', 's1', 'b', '2015-08-24 11:46:53', NULL, NULL),
(63, 'kabanda jabo pierre germain', 's1', 'b', '2015-08-24 11:46:53', NULL, NULL),
(64, 'kamanzi enock', 's1', 'b', '2015-08-24 11:46:53', NULL, NULL),
(65, 'karambizi calme', 's1', 'b', '2015-08-24 11:46:53', NULL, NULL),
(66, 'kayihura olivier boris', 's1', 'b', '2015-08-24 11:46:53', NULL, NULL),
(67, 'manzi awad', 's1', 'b', '2015-08-24 11:46:53', NULL, NULL),
(68, 'mucyo christian', 's1', 'b', '2015-08-24 11:46:53', NULL, NULL),
(69, 'muhire mico blaise', 's1', 'b', '2015-08-24 11:46:53', NULL, NULL),
(70, 'mwambuka belard', 's1', 'b', '2015-08-24 11:46:53', NULL, NULL),
(71, 'ndatumukiza chrysippe valentin', 's1', 'b', '2015-08-24 11:46:53', NULL, NULL),
(72, 'ndekezi chelsea', 's1', 'b', '2015-08-24 11:46:54', NULL, NULL),
(73, 'ndugutse olivier', 's1', 'b', '2015-08-24 11:46:54', NULL, NULL),
(74, 'niyomugabo adamson', 's1', 'b', '2015-08-24 11:46:54', NULL, NULL),
(75, 'nsabimana david', 's1', 'b', '2015-08-24 11:46:54', NULL, NULL),
(76, 'nsengiyumva don christian', 's1', 'b', '2015-08-24 11:46:54', NULL, NULL),
(77, 'nshimyumukiza pacific', 's1', 'b', '2015-08-24 11:46:54', NULL, NULL),
(78, 'ntwali daniel dylan', 's1', 'b', '2015-08-24 11:46:54', NULL, NULL),
(79, 'rudakubana odilon dylan', 's1', 'b', '2015-08-24 11:46:54', NULL, NULL),
(80, 'rurakomeza jerome', 's1', 'b', '2015-08-24 11:46:54', NULL, NULL),
(81, 'shema bravo  bright', 's1', 'b', '2015-08-24 11:46:54', NULL, NULL),
(82, 'tona tony arsene', 's1', 'b', '2015-08-24 11:46:54', NULL, NULL),
(83, 'tumushime kaganga ryan', 's1', 'b', '2015-08-24 11:46:54', NULL, NULL),
(84, 'umuhire rwema arsene', 's1', 'b', '2015-08-24 11:46:54', NULL, NULL),
(85, 'umulinga princesse paradis', 's1', 'b', '2015-08-24 11:46:54', NULL, NULL),
(86, 'uwabeza gaella', 's1', 'b', '2015-08-24 11:46:54', NULL, NULL),
(87, 'uwamahoro hanifa', 's1', 'b', '2015-08-24 11:46:54', NULL, NULL),
(88, 'uwase nadina', 's1', 'b', '2015-08-24 11:46:54', NULL, NULL),
(89, 'uwinkunda princess', 's1', 'b', '2015-08-24 11:46:54', NULL, NULL),
(90, 'uwiragiye giselle', 's1', 'b', '2015-08-24 11:46:54', NULL, NULL),
(91, 'zigama chapelle larissa', 's1', 'b', '2015-08-24 11:46:54', NULL, NULL),
(92, 'akili gedeon', 's1', 'c', '2015-08-24 11:46:54', NULL, NULL),
(93, 'atete benigne', 's1', 'c', '2015-08-24 11:46:54', NULL, NULL),
(94, 'byiringiro david symplice', 's1', 'c', '2015-08-24 11:46:55', NULL, NULL),
(95, 'byiringiro nicolas', 's1', 'c', '2015-08-24 11:46:55', NULL, NULL),
(96, 'cyuzuzo bienvenu', 's1', 'c', '2015-08-24 11:46:55', NULL, NULL),
(97, 'dufitumukiza elie', 's1', 'c', '2015-08-24 11:46:55', NULL, NULL),
(98, 'gatete yves', 's1', 'c', '2015-08-24 11:46:55', NULL, NULL),
(99, 'gisa mugisha galeb pacifique', 's1', 'c', '2015-08-24 11:46:55', NULL, NULL),
(100, 'ikuzwe marie rolande', 's1', 'c', '2015-08-24 11:46:55', NULL, NULL),
(101, 'ingabire michelle', 's1', 'c', '2015-08-24 11:46:55', NULL, NULL),
(102, 'iradukunda nelly nadine', 's1', 'c', '2015-08-24 11:46:55', NULL, NULL),
(103, 'ishimwe mahoro nathalie', 's1', 'c', '2015-08-24 11:46:55', NULL, NULL),
(104, 'karara izere gloire', 's1', 'c', '2015-08-24 11:46:55', NULL, NULL),
(105, 'karenzi bonfils', 's1', 'c', '2015-08-24 11:46:55', NULL, NULL),
(106, 'kwizera brian', 's1', 'c', '2015-08-24 11:46:55', NULL, NULL),
(107, 'manzi ndahiro placide', 's1', 'c', '2015-08-24 11:46:55', NULL, NULL),
(108, 'manzi ruzibiza ian', 's1', 'c', '2015-08-24 11:46:55', NULL, NULL),
(109, 'mucyo patrick', 's1', 'c', '2015-08-24 11:46:55', NULL, NULL),
(110, 'mugisha manzi greyson', 's1', 'c', '2015-08-24 11:46:56', NULL, NULL),
(111, 'musangwa kelly djibril', 's1', 'c', '2015-08-24 11:46:56', NULL, NULL),
(112, 'mutabazi david', 's1', 'c', '2015-08-24 11:46:56', NULL, NULL),
(113, 'mutoni esther', 's1', 'c', '2015-08-24 11:46:56', NULL, NULL),
(114, 'mutuyimana natalie', 's1', 'c', '2015-08-24 11:46:56', NULL, NULL),
(115, 'natone nancy', 's1', 'c', '2015-08-24 11:46:56', NULL, NULL),
(116, 'ngarambe elysee', 's1', 'c', '2015-08-24 11:46:56', NULL, NULL),
(117, 'nishimwe nikita kally', 's1', 'c', '2015-08-24 11:46:56', NULL, NULL),
(118, 'nkunda nyisingize salem', 's1', 'c', '2015-08-24 11:46:56', NULL, NULL),
(119, 'nsengiyera patrick', 's1', 'c', '2015-08-24 11:46:56', NULL, NULL),
(120, 'nshuti cesar', 's1', 'c', '2015-08-24 11:46:56', NULL, NULL),
(121, 'ntagwabira alphonse', 's1', 'c', '2015-08-24 11:46:56', NULL, NULL),
(122, 'ntwari gakuba eddy', 's1', 'c', '2015-08-24 11:46:56', NULL, NULL),
(123, 'nyirigira ally shaban', 's1', 'c', '2015-08-24 11:46:56', NULL, NULL),
(124, 'nzayisenga jean de dieu ', 's1', 'c', '2015-08-24 11:46:56', NULL, NULL),
(125, 'rugambwa armel', 's1', 'c', '2015-08-24 11:46:56', NULL, NULL),
(126, 'ruyenzi  patrick', 's1', 'c', '2015-08-24 11:46:57', NULL, NULL),
(127, 'ruzindana kelia', 's1', 'c', '2015-08-24 11:46:57', NULL, NULL),
(128, 'sabimana abayo achille', 's1', 'c', '2015-08-24 11:46:57', NULL, NULL),
(129, 'sano chris armel', 's1', 'c', '2015-08-24 11:46:57', NULL, NULL),
(130, 'shami cephas', 's1', 'c', '2015-08-24 11:46:57', NULL, NULL),
(131, 'tona celsa', 's1', 'c', '2015-08-24 11:46:57', NULL, NULL),
(132, 'tuyisenge asafu', 's1', 'c', '2015-08-24 11:46:57', NULL, NULL),
(133, 'umuhire aline', 's1', 'c', '2015-08-24 11:46:57', NULL, NULL),
(134, 'umutoni arlette', 's1', 'c', '2015-08-24 11:46:57', NULL, NULL),
(135, 'uwamahoro delice giana', 's1', 'c', '2015-08-24 11:46:57', NULL, NULL),
(136, 'uwase naome', 's1', 'c', '2015-08-24 11:46:57', NULL, NULL),
(137, 'uwineza pamela', 's1', 'c', '2015-08-24 11:46:57', NULL, NULL),
(138, 'ashimwe dan', 's2', 'a', '2015-08-31 11:38:10', NULL, NULL),
(139, 'awezae museme bibishe', 's2', 'a', '2015-08-24 11:46:57', NULL, NULL),
(140, 'gasangwa pascal', 's2', 'a', '2015-08-24 11:46:58', NULL, NULL),
(141, 'gatete manzi fabrice', 's2', 'a', '2015-08-24 11:46:58', NULL, NULL),
(142, 'hagenimana sabih', 's2', 'a', '2015-08-24 11:46:58', NULL, NULL),
(143, 'havugimana shema david', 's2', 'a', '2015-08-24 11:46:58', NULL, NULL),
(144, 'ichubahiro amanda michel', 's2', 'a', '2015-08-24 11:46:58', NULL, NULL),
(145, 'icyeza ide valoise', 's2', 'a', '2015-08-24 11:46:58', NULL, NULL),
(146, 'ikirezi sonia', 's2', 'a', '2015-08-24 11:46:58', NULL, NULL),
(147, 'ikuzwe aime emmanuel', 's2', 'a', '2015-08-24 11:46:58', NULL, NULL),
(148, 'ineza paulin', 's2', 'a', '2015-08-24 11:46:58', NULL, NULL),
(149, 'iraduha hirwa christian', 's2', 'a', '2015-08-24 11:46:58', NULL, NULL),
(150, 'iradukunda boris', 's2', 'a', '2015-08-24 11:46:58', NULL, NULL),
(151, 'iradukunda janvier', 's2', 'a', '2015-08-24 11:46:58', NULL, NULL),
(152, 'iriho gideon', 's2', 'a', '2015-08-24 11:46:58', NULL, NULL),
(153, 'ishimwe cyuzuzo divine', 's2', 'a', '2015-08-24 11:46:58', NULL, NULL),
(154, 'ishimwe samy', 's2', 'a', '2015-08-24 11:46:58', NULL, NULL),
(155, 'kamanzi john', 's2', 'a', '2015-08-24 11:46:58', NULL, NULL),
(156, 'keza cherita', 's2', 'a', '2015-08-24 11:46:59', NULL, NULL),
(157, 'manzi kevin', 's2', 'a', '2015-08-24 11:46:59', NULL, NULL),
(158, 'mugabe emmanuel', 's2', 'a', '2015-08-24 11:46:59', NULL, NULL),
(159, 'mugisha christian', 's2', 'a', '2015-08-24 11:46:59', NULL, NULL),
(160, 'mukundente  rosine', 's2', 'a', '2015-08-24 11:46:59', NULL, NULL),
(161, 'munyaneza ishimwe clement', 's2', 'a', '2015-08-24 11:46:59', NULL, NULL),
(162, 'munyaneza ntwari blaise', 's2', 'a', '2015-08-24 11:46:59', NULL, NULL),
(163, 'munyakuri obed', 's2', 'a', '2015-08-24 11:46:59', NULL, NULL),
(164, 'murenzi david', 's2', 'a', '2015-08-24 11:46:59', NULL, NULL),
(165, 'murigande arnold', 's2', 'a', '2015-08-24 11:46:59', NULL, NULL),
(166, 'nsengiyumva anody', 's2', 'a', '2015-08-24 11:46:59', NULL, NULL),
(167, 'nyirimanzi louis maxime', 's2', 'a', '2015-08-24 11:46:59', NULL, NULL),
(168, 'nziza romalio', 's2', 'a', '2015-08-24 11:46:59', NULL, NULL),
(169, 'rubona emile', 's2', 'a', '2015-08-24 11:46:59', NULL, NULL),
(170, 'rugema ishimwe danny', 's2', 'a', '2015-08-24 11:46:59', NULL, NULL),
(171, 'rutagengwa manzi dominique', 's2', 'a', '2015-08-24 11:46:59', NULL, NULL),
(172, 'shami jonathan', 's2', 'a', '2015-08-24 11:46:59', NULL, NULL),
(173, 'sibomana mugabe oreste', 's2', 'a', '2015-08-24 11:46:59', NULL, NULL),
(174, 'tuyishime honore', 's2', 'a', '2015-08-24 11:46:59', NULL, NULL),
(175, 'umutoni peace', 's2', 'a', '2015-08-24 11:46:59', NULL, NULL),
(176, 'usanase gasana eunice', 's2', 'a', '2015-08-24 11:47:00', NULL, NULL),
(177, 'uwamahoro solange', 's2', 'a', '2015-08-24 11:47:00', NULL, NULL),
(178, 'uwamurera diane', 's2', 'a', '2015-08-24 11:47:00', NULL, NULL),
(179, 'uwase ndayambaje ruphine', 's2', 'a', '2015-08-24 11:47:00', NULL, NULL),
(180, 'uwayezu sandra nadege', 's2', 'a', '2015-08-24 11:47:00', NULL, NULL),
(181, 'uwimana shaffy', 's2', 'a', '2015-08-24 11:47:00', NULL, NULL),
(182, 'atete  mutuyeyezu divine', 's2', 'b', '2015-08-24 11:47:00', NULL, NULL),
(183, 'bavakure  cadeau de dieu', 's2', 'b', '2015-08-24 11:47:00', NULL, NULL),
(184, 'cyubahiro regis', 's2', 'b', '2015-08-24 11:47:00', NULL, NULL),
(185, 'gatete ishema angelo christian', 's2', 'b', '2015-08-24 11:47:01', NULL, NULL),
(186, 'igiraneza josue', 's2', 'b', '2015-08-24 11:47:01', NULL, NULL),
(187, 'ihirwe ndoro marina', 's2', 'b', '2015-08-24 11:47:01', NULL, NULL),
(188, 'iradukunda shami honore', 's2', 'b', '2015-08-24 11:47:01', NULL, NULL),
(189, 'irakoze jean jules', 's2', 'b', '2015-08-24 11:47:01', NULL, NULL),
(190, 'ishimwe arnaurd kenny', 's2', 'b', '2015-08-24 11:47:01', NULL, NULL),
(191, 'ishimwe irene', 's2', 'b', '2015-08-24 11:47:01', NULL, NULL),
(192, 'ishimwe magnifique', 's2', 'b', '2015-08-24 11:47:01', NULL, NULL),
(193, 'isingizwe paula', 's2', 'b', '2015-08-24 11:47:01', NULL, NULL),
(194, 'izere kamana emile', 's2', 'b', '2015-08-24 11:47:01', NULL, NULL),
(195, 'jedidia valentin', 's2', 'b', '2015-08-24 11:47:02', NULL, NULL),
(196, 'kagabo ganza prince', 's2', 'b', '2015-08-24 11:47:02', NULL, NULL),
(197, 'kayumba miguel', 's2', 'b', '2015-08-24 11:47:02', NULL, NULL),
(198, 'maniragaba blaise', 's2', 'b', '2015-08-24 11:47:02', NULL, NULL),
(199, 'mazimpaka  queen', 's2', 'b', '2015-08-24 11:47:03', NULL, NULL),
(200, 'mucyo felix', 's2', 'b', '2015-08-24 11:47:03', NULL, NULL),
(201, 'mukama eric', 's2', 'b', '2015-08-24 11:47:03', NULL, NULL),
(202, 'munyaneza andy geuvala', 's2', 'b', '2015-08-24 11:47:03', NULL, NULL),
(203, 'mutesi vanessa', 's2', 'b', '2015-08-24 11:47:03', NULL, NULL),
(204, 'mutoni rwakoojo natacha', 's2', 'b', '2015-08-24 11:47:03', NULL, NULL),
(205, 'ndayambaje manzi kevin', 's2', 'b', '2015-08-24 11:47:03', NULL, NULL),
(206, 'ndayishimiye shema heny athanase', 's2', 'b', '2015-08-24 11:47:03', NULL, NULL),
(207, 'nikuze shami kelly', 's2', 'b', '2015-08-24 11:47:03', NULL, NULL),
(208, 'nkusi steven', 's2', 'b', '2015-08-24 11:47:03', NULL, NULL),
(209, 'nshizirungu bonheur christian', 's2', 'b', '2015-08-24 11:47:04', NULL, NULL),
(210, 'ntore rumenera ntwari ', 's2', 'b', '2015-08-24 11:47:04', NULL, NULL),
(211, 'rangira divine', 's2', 'b', '2015-08-24 11:47:04', NULL, NULL),
(212, 'rutagwera shema ivan', 's2', 'b', '2015-08-24 11:47:04', NULL, NULL),
(213, 'rwego ukuzwe boris', 's2', 'b', '2015-08-24 11:47:04', NULL, NULL),
(214, 'rwema alain julio', 's2', 'b', '2015-08-24 11:47:04', NULL, NULL),
(215, 'rwema emery dayenou', 's2', 'b', '2015-08-24 11:47:04', NULL, NULL),
(216, 'salim habiba khamis', 's2', 'b', '2015-08-24 11:47:04', NULL, NULL),
(217, 'sangwa parfait', 's2', 'b', '2015-08-24 11:47:04', NULL, NULL),
(218, 'shema arnold', 's2', 'b', '2015-08-24 11:47:04', NULL, NULL),
(219, 'shema nkaka frank', 's2', 'b', '2015-08-24 11:47:04', NULL, NULL),
(220, 'shimwa alban symplice', 's2', 'b', '2015-08-24 11:47:05', NULL, NULL),
(221, 'shyirambere peace', 's2', 'b', '2015-08-24 11:47:05', NULL, NULL),
(222, 'tuyishime eric', 's2', 'b', '2015-08-24 11:47:05', NULL, NULL),
(223, 'umutoni naho elise', 's2', 'b', '2015-08-24 11:47:05', NULL, NULL),
(224, 'usanase vanessa', 's2', 'b', '2015-08-24 11:47:05', NULL, NULL),
(225, 'uwera sharifa', 's2', 'b', '2015-08-24 11:47:05', NULL, NULL),
(226, 'bana oreison', 's2', 'c', '2015-08-24 11:47:05', NULL, NULL),
(227, 'bayingana sacha', 's2', 'c', '2015-08-24 11:47:05', NULL, NULL),
(228, 'hirwa herve', 's2', 'c', '2015-08-24 11:47:06', NULL, NULL),
(229, 'hirwa ntete ghislain', 's2', 'c', '2015-08-24 11:47:06', NULL, NULL),
(230, 'horanishya fabrice', 's2', 'c', '2015-08-24 11:47:06', NULL, NULL),
(231, 'ibambasi manzi paul divin', 's2', 'c', '2015-08-24 11:47:06', NULL, NULL),
(232, 'intwari carmy andy', 's2', 'c', '2015-08-24 11:47:06', NULL, NULL),
(233, 'iradukunda jean baptiste', 's2', 'c', '2015-08-24 11:47:06', NULL, NULL),
(234, 'iradukunda jean michel', 's2', 'c', '2015-08-24 11:47:06', NULL, NULL),
(235, 'iradukunda prince maxime', 's2', 'c', '2015-08-24 11:47:06', NULL, NULL),
(236, 'ishimwe jean claude', 's2', 'c', '2015-08-24 11:47:06', NULL, NULL),
(237, 'ishimwe mutoni eric', 's2', 'c', '2015-08-24 11:47:06', NULL, NULL),
(238, 'kaje laam', 's2', 'c', '2015-08-24 11:47:06', NULL, NULL),
(239, 'kamari manzi andy', 's2', 'c', '2015-08-24 11:47:06', NULL, NULL),
(240, 'kanyamahanga uwase angele', 's2', 'c', '2015-08-24 11:47:07', NULL, NULL),
(241, 'kasikundu raissa', 's2', 'c', '2015-08-24 11:47:07', NULL, NULL),
(242, 'keza kase kellia', 's2', 'c', '2015-08-24 11:47:07', NULL, NULL),
(243, 'mudakikwa julio fred', 's2', 'c', '2015-08-24 11:47:07', NULL, NULL),
(244, 'mugeni jennifer', 's2', 'c', '2015-08-24 11:47:07', NULL, NULL),
(245, 'mugisha kelly arsene', 's2', 'c', '2015-08-24 11:47:07', NULL, NULL),
(246, 'mugisha ngabo herbert', 's2', 'c', '2015-08-24 11:47:07', NULL, NULL),
(247, 'muhikuzo mugwaneza chera', 's2', 'c', '2015-08-24 11:47:07', NULL, NULL),
(248, 'munezero cedrick', 's2', 'c', '2015-08-24 11:47:07', NULL, NULL),
(249, 'mushimiyimana jeannette', 's2', 'c', '2015-08-24 11:47:07', NULL, NULL),
(250, 'musugi rugano derrick', 's2', 'c', '2015-08-24 11:47:08', NULL, NULL),
(251, 'narindwa kevin irenã©', 's2', 'c', '2015-08-24 11:47:08', NULL, NULL),
(252, 'ndazivunyi come', 's2', 'c', '2015-08-24 11:47:08', NULL, NULL),
(253, 'nishimwe david', 's2', 'c', '2015-08-24 11:47:08', NULL, NULL),
(254, 'niyigaba dieudonne', 's2', 'c', '2015-08-24 11:47:08', NULL, NULL),
(255, 'niyodushima  arsene', 's2', 'c', '2015-08-24 11:47:08', NULL, NULL),
(256, 'nkusi ebeneser', 's2', 'c', '2015-08-24 11:47:08', NULL, NULL),
(257, 'nzeyimana dieudonne margloire', 's2', 'c', '2015-08-24 11:47:08', NULL, NULL),
(258, 'nziza  armand', 's2', 'c', '2015-08-24 11:47:08', NULL, NULL),
(259, 'rurangwa rubin aubin', 's2', 'c', '2015-08-24 11:47:08', NULL, NULL),
(260, 'rwogera berthrand', 's2', 'c', '2015-08-24 11:47:08', NULL, NULL),
(261, 'shema cedrick', 's2', 'c', '2015-08-24 11:47:08', NULL, NULL),
(262, 'shema kelly patrick', 's2', 'c', '2015-08-24 11:47:09', NULL, NULL),
(263, 'shema remezo tony', 's2', 'c', '2015-08-24 11:47:09', NULL, NULL),
(264, 'shumbusho wilfred', 's2', 'c', '2015-08-24 11:47:09', NULL, NULL),
(265, 'twahirwa ravanelly', 's2', 'c', '2015-08-24 11:47:09', NULL, NULL),
(266, 'utuje mirasano christa renata', 's2', 'c', '2015-08-24 11:47:09', NULL, NULL),
(267, 'uwase irene', 's2', 'c', '2015-08-24 11:47:09', NULL, NULL),
(268, 'uwitonze mireille', 's2', 'c', '2015-08-24 11:47:09', NULL, NULL),
(269, 'bwiza nkika nicole', 's3', 'a', '2015-08-24 11:47:09', NULL, NULL),
(270, 'dusenge jean de la croix', 's3', 'a', '2015-08-24 11:47:09', NULL, NULL),
(271, 'gisa rogers', 's3', 'a', '2015-08-24 11:47:09', NULL, NULL),
(272, 'igiraneza chrispin', 's3', 'a', '2015-08-24 11:47:09', NULL, NULL),
(273, 'ihirwe yvan xaviour', 's3', 'a', '2015-08-24 11:47:10', NULL, NULL),
(274, 'ingabire valentine', 's3', 'a', '2015-08-24 11:47:10', NULL, NULL),
(275, 'isaro bella vanessa', 's3', 'a', '2015-08-24 11:47:10', NULL, NULL),
(276, 'ishimwe murayi marcellin', 's3', 'a', '2015-08-24 11:47:10', NULL, NULL),
(277, 'isimbi dã©lice', 's3', 'a', '2015-08-24 11:47:10', NULL, NULL),
(278, 'isimbi laura', 's3', 'a', '2015-08-24 11:47:10', NULL, NULL),
(279, 'isimbi uwera vanessa', 's3', 'a', '2015-08-24 11:47:10', NULL, NULL),
(280, 'izere blaise pascal', 's3', 'a', '2015-08-24 11:47:10', NULL, NULL),
(281, 'mbanzabugabo daniel', 's3', 'a', '2015-08-24 11:47:10', NULL, NULL),
(282, 'mugengano alice', 's3', 'a', '2015-08-24 11:47:10', NULL, NULL),
(283, 'mugire samuel', 's3', 'a', '2015-08-24 11:47:10', NULL, NULL),
(284, 'mugisha fred robinson', 's3', 'a', '2015-08-24 11:47:10', NULL, NULL),
(285, 'mukundwa faith', 's3', 'a', '2015-08-24 11:47:11', NULL, NULL),
(286, 'mumararungu phoebe', 's3', 'a', '2015-08-24 11:47:11', NULL, NULL),
(287, 'mushayija klain', 's3', 'a', '2015-08-24 11:47:11', NULL, NULL),
(288, 'mwambuka bertin', 's3', 'a', '2015-08-24 11:47:11', NULL, NULL),
(289, 'neza charity', 's3', 'a', '2015-08-24 11:47:11', NULL, NULL),
(290, 'niwemutoni ishimwe diane', 's3', 'a', '2015-08-24 11:47:11', NULL, NULL),
(291, 'niyonkuru enock', 's3', 'a', '2015-08-24 11:47:11', NULL, NULL),
(292, 'nshuti kenny hervã©', 's3', 'a', '2015-08-24 11:47:11', NULL, NULL),
(293, 'ntwali alisson', 's3', 'a', '2015-08-24 11:47:11', NULL, NULL),
(294, 'ruberwa blaise', 's3', 'a', '2015-08-24 11:47:11', NULL, NULL),
(295, 'ruzindana kenny', 's3', 'a', '2015-08-24 11:47:11', NULL, NULL),
(296, 'rwigema napolã©on', 's3', 'a', '2015-08-24 11:47:11', NULL, NULL),
(297, 'rwogera landry', 's3', 'a', '2015-08-24 11:47:11', NULL, NULL),
(298, 'segukura ange delice', 's3', 'a', '2015-08-24 11:47:12', NULL, NULL),
(299, 'shema cedric', 's3', 'a', '2015-08-24 11:47:12', NULL, NULL),
(300, 'shema hugues', 's3', 'a', '2015-08-24 11:47:12', NULL, NULL),
(301, 'akiramana jules', 's3', 'b', '2015-08-24 11:47:12', NULL, NULL),
(302, 'azabe patrick', 's3', 'b', '2015-08-24 11:47:12', NULL, NULL),
(303, 'bacondo ndekwe arsã¨ne', 's3', 'b', '2015-08-24 11:47:12', NULL, NULL),
(304, 'cyusa rugema amir', 's3', 'b', '2015-08-24 11:47:12', NULL, NULL),
(305, 'cyuzuzo shema hugues', 's3', 'b', '2015-08-24 11:47:12', NULL, NULL),
(306, 'figo johnson', 's3', 'b', '2015-08-24 11:47:12', NULL, NULL),
(307, 'gasana mugisha elvis', 's3', 'b', '2015-08-24 11:47:12', NULL, NULL),
(308, 'ineza divine', 's3', 'b', '2015-08-24 11:47:12', NULL, NULL),
(309, 'iriboneye teta sabrine', 's3', 'b', '2015-08-24 11:47:12', NULL, NULL),
(310, 'jyaheza irakoze maurice', 's3', 'b', '2015-08-24 11:47:12', NULL, NULL),
(311, 'kibasumba fred', 's3', 'b', '2015-08-24 11:47:13', NULL, NULL),
(312, 'mitali david', 's3', 'b', '2015-08-24 11:47:13', NULL, NULL),
(313, 'mucyo dan', 's3', 'b', '2015-08-24 11:47:13', NULL, NULL),
(314, 'mugenzi manzi patrick', 's3', 'b', '2015-08-24 11:47:13', NULL, NULL),
(315, 'mugisha alain christian', 's3', 'b', '2015-08-24 11:47:13', NULL, NULL),
(316, 'mugisha kevin', 's3', 'b', '2015-08-24 11:47:13', NULL, NULL),
(317, 'ndikumana jean de dieu', 's3', 'b', '2015-08-24 11:47:13', NULL, NULL),
(318, 'ngabonziza prince', 's3', 'b', '2015-08-24 11:47:13', NULL, NULL),
(319, 'ngoga kwizera jovite', 's3', 'b', '2015-08-24 11:47:14', NULL, NULL),
(320, 'nisingizwe rugwiro vanessa', 's3', 'b', '2015-08-24 11:47:14', NULL, NULL),
(321, 'niyonkuru noã«lla', 's3', 'b', '2015-08-24 11:47:14', NULL, NULL),
(322, 'nkaka ikuzwe jean eloi', 's3', 'b', '2015-08-24 11:47:14', NULL, NULL),
(323, 'nkurunziza fred', 's3', 'b', '2015-08-24 11:47:14', NULL, NULL),
(324, 'nsenga taufique', 's3', 'b', '2015-08-24 11:47:14', NULL, NULL),
(325, 'ntibanyiha mugisha davy idan', 's3', 'b', '2015-08-24 11:47:15', NULL, NULL),
(326, 'nyiringango alexandre', 's3', 'b', '2015-08-24 11:47:15', NULL, NULL),
(327, 'simbi sharon', 's3', 'b', '2015-08-24 11:47:15', NULL, NULL),
(328, 'singiza ange nicaise', 's3', 'b', '2015-08-24 11:47:15', NULL, NULL),
(329, 'tuyizere eric', 's3', 'b', '2015-08-24 11:47:15', NULL, NULL),
(330, 'twagirayezu steven', 's3', 'b', '2015-08-24 11:47:15', NULL, NULL),
(331, 'umubyeyi queen', 's3', 'b', '2015-08-24 11:47:15', NULL, NULL),
(332, 'uwineza aksa ange', 's3', 'b', '2015-08-24 11:47:15', NULL, NULL),
(333, 'bizimana darius', 's3', 'c', '2015-08-24 11:47:15', NULL, NULL),
(334, 'dukunde dick', 's3', 'c', '2015-08-24 11:47:15', NULL, NULL),
(335, 'habiyambere muhire hubert', 's3', 'c', '2015-08-24 11:47:15', NULL, NULL),
(336, 'hirwa nabil', 's3', 'c', '2015-08-24 11:47:16', NULL, NULL),
(337, 'igiraneza cedrick tresor', 's3', 'c', '2015-08-24 11:47:16', NULL, NULL),
(338, 'ineza burengero lidvine', 's3', 'c', '2015-08-24 11:47:16', NULL, NULL),
(339, 'inshuti kamanzi adelain', 's3', 'c', '2015-08-24 11:47:16', NULL, NULL),
(340, 'ishimwe aimã©e', 's3', 'c', '2015-08-24 11:47:16', NULL, NULL),
(341, 'ishimwe jurius', 's3', 'c', '2015-08-24 11:47:16', NULL, NULL),
(342, 'ishimwe ocã©ane', 's3', 'c', '2015-08-24 11:47:16', NULL, NULL),
(343, 'kalisa lysiane', 's3', 'c', '2015-08-24 11:47:16', NULL, NULL),
(344, 'karenzi bright', 's3', 'c', '2015-08-24 11:47:16', NULL, NULL),
(345, 'kayumba beni herve', 's3', 'c', '2015-08-24 11:47:16', NULL, NULL),
(346, 'keza lisa florisse', 's3', 'c', '2015-08-24 11:47:16', NULL, NULL),
(347, 'kirezi ines divine', 's3', 'c', '2015-08-24 11:47:17', NULL, NULL),
(348, 'manzi ethan', 's3', 'c', '2015-08-24 11:47:17', NULL, NULL),
(349, 'manzi olivier', 's3', 'c', '2015-08-24 11:47:17', NULL, NULL),
(350, 'mpunga simon pierre', 's3', 'c', '2015-08-24 11:47:17', NULL, NULL),
(351, 'mugabekazi paola', 's3', 'c', '2015-08-24 11:47:17', NULL, NULL),
(352, 'muhire iradukunda robert', 's3', 'c', '2015-08-24 11:47:17', NULL, NULL),
(353, 'muhire jean prince', 's3', 'c', '2015-08-24 11:47:17', NULL, NULL),
(354, 'mukafurere fã©licitã©', 's3', 'c', '2015-08-24 11:47:17', NULL, NULL),
(355, 'muyoboke trã©sor', 's3', 'c', '2015-08-24 11:47:17', NULL, NULL),
(356, 'nyagahakwa yves', 's3', 'c', '2015-08-24 11:47:17', NULL, NULL),
(357, 'rucibigango remy chretien', 's3', 'c', '2015-08-24 11:47:17', NULL, NULL),
(358, 'rulinda demis nadir', 's3', 'c', '2015-08-24 11:47:17', NULL, NULL),
(359, 'rwigema chance', 's3', 'c', '2015-08-24 11:47:17', NULL, NULL),
(360, 'shami henriette', 's3', 'c', '2015-08-24 11:47:18', NULL, NULL),
(361, 'shyaka tuyisenge modeste', 's3', 'c', '2015-08-24 11:47:18', NULL, NULL),
(362, 'umutoni ornella', 's3', 'c', '2015-08-24 11:47:18', NULL, NULL),
(363, 'umutoniwase aisha nusla', 's3', 'c', '2015-08-24 11:47:18', NULL, NULL),
(364, 'uwimana ange willy', 's3', 'c', '2015-08-24 11:47:18', NULL, NULL),
(365, 'uwizeye ruth', 's3', 'c', '2015-08-24 11:47:18', NULL, NULL),
(366, 'cyubahiro blaise lambert', 's4', 'mcb', '2015-08-24 11:47:18', NULL, NULL),
(367, 'duhimbaze turabayo elie', 's4', 'mcb', '2015-08-24 11:47:18', NULL, NULL),
(368, 'gakuba moukhtal', 's4', 'mcb', '2015-08-24 11:47:18', NULL, NULL),
(369, 'gasabo rodrigue', 's4', 'mcb', '2015-08-24 11:47:18', NULL, NULL),
(370, 'hategekimana heritier', 's4', 'mcb', '2015-08-24 11:47:18', NULL, NULL),
(371, 'igirimbabazi lionel', 's4', 'mcb', '2015-08-24 11:47:18', NULL, NULL),
(372, 'ihimbazwe jean d''amour ', 's4', 'mcb', '2015-08-24 11:47:18', NULL, NULL),
(373, 'imanzi ulrich yannick', 's4', 'mcb', '2015-08-24 11:47:18', NULL, NULL),
(374, 'ingabire carine', 's4', 'mcb', '2015-08-24 11:47:19', NULL, NULL),
(375, 'iradukunda  jean d''amour ', 's4', 'mcb', '2015-08-24 11:47:19', NULL, NULL),
(376, 'ishimwe yves', 's4', 'mcb', '2015-08-24 11:47:19', NULL, NULL),
(377, 'iyamuremye alvin', 's4', 'mcb', '2015-08-24 11:47:19', NULL, NULL),
(378, 'matabaro felicien', 's4', 'mcb', '2015-08-24 11:47:19', NULL, NULL),
(379, 'mbaragazimana mucyo daniel', 's4', 'mcb', '2015-08-24 11:47:19', NULL, NULL),
(380, 'mugabekazi ange sandra', 's4', 'mcb', '2015-08-24 11:47:19', NULL, NULL),
(381, 'mugisha joselyne', 's4', 'mcb', '2015-08-24 11:47:19', NULL, NULL),
(382, 'muliza alain herve', 's4', 'mcb', '2015-08-24 11:47:19', NULL, NULL),
(383, 'munyaneza jackson', 's4', 'mcb', '2015-08-24 11:47:19', NULL, NULL),
(384, 'mushimirwa irene', 's4', 'mcb', '2015-08-24 11:47:19', NULL, NULL),
(385, 'mushonganono annick', 's4', 'mcb', '2015-08-24 11:47:19', NULL, NULL),
(386, 'mwamikazi ange sandrine', 's4', 'mcb', '2015-08-24 11:47:19', NULL, NULL),
(387, 'ngabojean chrispin', 's4', 'mcb', '2015-08-24 11:47:20', NULL, NULL),
(388, 'nkurunziza sam vainqueur', 's4', 'mcb', '2015-08-24 11:47:20', NULL, NULL),
(389, 'nkusi kimanuka kenny', 's4', 'mcb', '2015-08-24 11:47:20', NULL, NULL),
(390, 'rwabukwisi kevin', 's4', 'mcb', '2015-08-24 11:47:20', NULL, NULL),
(391, 'rwakoojo nziza deus', 's4', 'mcb', '2015-08-24 11:47:20', NULL, NULL),
(392, 'rwema ivan steve', 's4', 'mcb', '2015-08-24 11:47:20', NULL, NULL),
(393, 'twiringiyimana elissa', 's4', 'mcb', '2015-08-24 11:47:20', NULL, NULL),
(394, 'ufitese arateta josee conscience ', 's4', 'mcb', '2015-08-24 11:47:20', NULL, NULL),
(395, 'umutoniwase sabrina ingrid', 's4', 'mcb', '2015-08-24 11:47:20', NULL, NULL),
(396, 'uwababyeyi gisele', 's4', 'mcb', '2015-08-24 11:47:20', NULL, NULL),
(397, 'uwase grace', 's4', 'mcb', '2015-08-24 11:47:20', NULL, NULL),
(398, 'uwayo akizanye sylvie', 's4', 'mcb', '2015-08-24 11:47:21', NULL, NULL),
(399, 'cyuzuzo elias', 's4', 'mpc', '2015-08-24 11:47:21', NULL, NULL),
(400, 'emerimana edwin kennedy', 's4', 'mpc', '2015-08-24 11:47:21', NULL, NULL),
(401, 'imanayarakoze xavier', 's4', 'mpc', '2015-08-24 11:47:21', NULL, NULL),
(402, 'iriboneye eddy claude', 's4', 'mpc', '2015-08-24 11:47:21', NULL, NULL),
(403, 'ishimwe gad', 's4', 'mpc', '2015-08-24 11:47:21', NULL, NULL),
(404, 'ishimwe gad bertrand', 's4', 'mpc', '2015-08-24 11:47:21', NULL, NULL),
(405, 'izere didier christian', 's4', 'mpc', '2015-08-24 11:47:21', NULL, NULL),
(406, 'juru henri bruno', 's4', 'mpc', '2015-08-24 11:47:21', NULL, NULL),
(407, 'karangwa morris', 's4', 'mpc', '2015-08-24 11:47:21', NULL, NULL),
(408, 'karurinda izere arlene', 's4', 'mpc', '2015-08-24 11:47:21', NULL, NULL),
(409, 'mutaganda elysee', 's4', 'mpc', '2015-08-24 11:47:21', NULL, NULL),
(410, 'mutoni hyacinthe', 's4', 'mpc', '2015-08-24 11:47:21', NULL, NULL),
(411, 'ndizeye landry', 's4', 'mpc', '2015-08-24 11:47:21', NULL, NULL),
(412, 'ngabonzima pacifiste', 's4', 'mpc', '2015-08-24 11:47:21', NULL, NULL),
(413, 'ntahontamusanga promesse', 's4', 'mpc', '2015-08-24 11:47:21', NULL, NULL),
(414, 'ntibazirikana clement', 's4', 'mpc', '2015-08-24 11:47:21', NULL, NULL),
(415, 'ntwali aimable', 's4', 'mpc', '2015-08-24 11:47:21', NULL, NULL),
(416, 'nyabibona aimable', 's4', 'mpc', '2015-08-24 11:47:22', NULL, NULL),
(417, 'nzabakira floris', 's4', 'mpc', '2015-08-24 11:47:22', NULL, NULL),
(418, 'nzaramba blaise', 's4', 'mpc', '2015-08-24 11:47:22', NULL, NULL),
(419, 'rugamba aimable', 's4', 'mpc', '2015-08-24 11:47:22', NULL, NULL),
(420, 'rugema arsene', 's4', 'mpc', '2015-08-24 11:47:22', NULL, NULL),
(421, 'rutampunga king', 's4', 'mpc', '2015-08-24 11:47:22', NULL, NULL),
(422, 'shema maxime', 's4', 'mpc', '2015-08-24 11:47:22', NULL, NULL),
(423, 'shimirwa david', 's4', 'mpc', '2015-08-24 11:47:22', NULL, NULL),
(424, 'susuruka dusenge fernand', 's4', 'mpc', '2015-08-24 11:47:22', NULL, NULL),
(425, 'turikumwe fabrice emmanuel', 's4', 'mpc', '2015-08-24 11:47:22', NULL, NULL),
(426, 'tuyikunde cedrick', 's4', 'mpc', '2015-08-24 11:47:22', NULL, NULL),
(427, 'tuyisenge diane', 's4', 'mpc', '2015-08-24 11:47:22', NULL, NULL),
(428, 'tuyishimire erneste', 's4', 'mpc', '2015-08-24 11:47:22', NULL, NULL),
(429, 'umutoniwase alliela', 's4', 'mpc', '2015-08-24 11:47:22', NULL, NULL),
(430, 'uwase cyuzuzo mireille', 's4', 'mpc', '2015-08-24 11:47:22', NULL, NULL),
(431, 'uwiringiyimana enock', 's4', 'mpc', '2015-08-24 11:47:22', NULL, NULL),
(432, 'uwibambe marina', 's4', 'mpc', '2015-08-24 11:47:22', NULL, NULL),
(433, 'akira aimã© dieudonnã©', 's4', 'mpg', '2015-08-24 11:47:22', NULL, NULL),
(434, 'ashimwe philip', 's4', 'mpg', '2015-08-24 11:47:22', NULL, NULL),
(435, 'byiringiro onesphore', 's4', 'mpg', '2015-08-24 11:47:22', NULL, NULL),
(436, 'hategekimana cyuzuzo patrick', 's4', 'mpg', '2015-08-24 11:47:22', NULL, NULL),
(437, 'hirwa jean baptiste', 's4', 'mpg', '2015-08-24 11:47:22', NULL, NULL),
(438, 'hirwa prince bavon', 's4', 'mpg', '2015-08-24 11:47:22', NULL, NULL),
(439, 'igiraneza louange', 's4', 'mpg', '2015-08-24 11:47:23', NULL, NULL),
(440, 'ineza kayitare gloria', 's4', 'mpg', '2015-08-24 11:47:23', NULL, NULL),
(441, 'ingabire ella muriel', 's4', 'mpg', '2015-08-24 11:47:23', NULL, NULL),
(442, 'ininahazwe fiona', 's4', 'mpg', '2015-08-24 11:47:23', NULL, NULL),
(443, 'inkoramutima jean bertrand', 's4', 'mpg', '2015-08-24 11:47:23', NULL, NULL),
(444, 'ishimwe chris', 's4', 'mpg', '2015-08-24 11:47:23', NULL, NULL),
(445, 'kabayisa ndoba girardine', 's4', 'mpg', '2015-08-24 11:47:23', NULL, NULL),
(446, 'kaberuka pacifique', 's4', 'mpg', '2015-08-24 11:47:23', NULL, NULL),
(447, 'kamikazi queen daphine', 's4', 'mpg', '2015-08-24 11:47:23', NULL, NULL),
(448, 'kayitare demilson', 's4', 'mpg', '2015-08-24 11:47:23', NULL, NULL),
(449, 'kimenyi abdoul', 's4', 'mpg', '2015-08-24 11:47:23', NULL, NULL),
(450, 'mporanyimana hirwa innocent', 's4', 'mpg', '2015-08-24 11:47:23', NULL, NULL),
(451, 'mugisha godfrey', 's4', 'mpg', '2015-08-24 11:47:23', NULL, NULL),
(452, 'mutaganda dominique', 's4', 'mpg', '2015-08-24 11:47:23', NULL, NULL),
(453, 'mutangana jean de la croix', 's4', 'mpg', '2015-08-24 11:47:23', NULL, NULL),
(454, 'mutesa lionel', 's4', 'mpg', '2015-08-24 11:47:23', NULL, NULL),
(455, 'mutsinzi jean bertrand', 's4', 'mpg', '2015-08-24 11:47:23', NULL, NULL),
(456, 'ndasingwa billy', 's4', 'mpg', '2015-08-24 11:47:23', NULL, NULL),
(457, 'ndungutse patrick', 's4', 'mpg', '2015-08-24 11:47:23', NULL, NULL),
(458, 'ngabo kevin', 's4', 'mpg', '2015-08-24 11:47:23', NULL, NULL),
(459, 'niyongira anna chance', 's4', 'mpg', '2015-08-24 11:47:24', NULL, NULL),
(460, 'nsababakunzi alliance', 's4', 'mpg', '2015-08-24 11:47:24', NULL, NULL),
(461, 'ntakitutimana jean marie vianney', 's4', 'mpg', '2015-08-24 11:47:24', NULL, NULL),
(462, 'nzeyimana eloi davis', 's4', 'mpg', '2015-08-24 11:47:24', NULL, NULL),
(463, 'senyamwuzuza bill nicolas', 's4', 'mpg', '2015-08-24 11:47:24', NULL, NULL),
(464, 'tiro murenzi guilaine', 's4', 'mpg', '2015-08-24 11:47:24', NULL, NULL),
(465, 'twahirwa joshua', 's4', 'mpg', '2015-08-24 11:47:24', NULL, NULL),
(466, 'umutoni diane', 's4', 'mpg', '2015-08-24 11:47:24', NULL, NULL),
(467, 'umwali olave', 's4', 'mpg', '2015-08-24 11:47:24', NULL, NULL),
(468, 'usengimana aime', 's4', 'mpg', '2015-08-24 11:47:24', NULL, NULL),
(469, 'bahatsi la fontaine', 's4', 'pcb', '2015-08-24 11:47:24', NULL, NULL),
(470, 'cyubahirocyajambo thomas seraphin', 's4', 'pcb', '2015-08-24 11:47:24', NULL, NULL),
(471, 'cyuzuzo honore germain', 's4', 'pcb', '2015-08-24 11:47:24', NULL, NULL),
(472, 'dufitumukiza evangile', 's4', 'pcb', '2015-08-24 11:47:24', NULL, NULL),
(473, 'ineza jolly', 's4', 'pcb', '2015-08-24 11:47:24', NULL, NULL),
(474, 'inkindi muctar kevin', 's4', 'pcb', '2015-08-24 11:47:24', NULL, NULL),
(475, 'irakoze uwase jasmine', 's4', 'pcb', '2015-08-24 11:47:24', NULL, NULL),
(476, 'ishimwe charite', 's4', 'pcb', '2015-08-24 11:47:24', NULL, NULL),
(477, 'kalinda cedrick', 's4', 'pcb', '2015-08-24 11:47:24', NULL, NULL),
(478, 'karamaga elycie', 's4', 'pcb', '2015-08-24 11:47:24', NULL, NULL),
(479, 'kayitare nkuba leon', 's4', 'pcb', '2015-08-24 11:47:25', NULL, NULL),
(480, 'kuradusenge donatien', 's4', 'pcb', '2015-08-24 11:47:25', NULL, NULL),
(481, 'kwizerimana jean d''amour', 's4', 'pcb', '2015-08-24 11:47:25', NULL, NULL),
(482, 'maniragaba jean felix', 's4', 'pcb', '2015-08-24 11:47:25', NULL, NULL),
(483, 'mporanyi vainqueur jules cesar', 's4', 'pcb', '2015-08-24 11:47:25', NULL, NULL),
(484, 'mugabe serge', 's4', 'pcb', '2015-08-24 11:47:25', NULL, NULL),
(485, 'mugabo david', 's4', 'pcb', '2015-08-24 11:47:25', NULL, NULL),
(486, 'mugabo isaac', 's4', 'pcb', '2015-08-24 11:47:25', NULL, NULL),
(487, 'musengimana desire', 's4', 'pcb', '2015-08-24 11:47:25', NULL, NULL),
(488, 'mwiseneza christian', 's4', 'pcb', '2015-08-24 11:47:25', NULL, NULL),
(489, 'ndikuriyo herve pasteur', 's4', 'pcb', '2015-08-24 11:47:25', NULL, NULL),
(490, 'ndizeye mupenzi justin', 's4', 'pcb', '2015-08-24 11:47:25', NULL, NULL),
(491, 'ngenzi karangwa patrick', 's4', 'pcb', '2015-08-24 11:47:25', NULL, NULL),
(492, 'niyireba dieudonne', 's4', 'pcb', '2015-08-24 11:47:25', NULL, NULL),
(493, 'niyonkuru ally', 's4', 'pcb', '2015-08-24 11:47:25', NULL, NULL),
(494, 'niyonshuti emmanuel', 's4', 'pcb', '2015-08-24 11:47:25', NULL, NULL),
(495, 'nzeyimana kevin', 's4', 'pcb', '2015-08-24 11:47:25', NULL, NULL),
(496, 'nzeyimana parfait', 's4', 'pcb', '2015-08-24 11:47:25', NULL, NULL),
(497, 'rafiki nkusi fabrice', 's4', 'pcb', '2015-08-24 11:47:25', NULL, NULL),
(498, 'rugambwa david', 's4', 'pcb', '2015-08-24 11:47:25', NULL, NULL),
(499, 'shema fred', 's4', 'pcb', '2015-08-24 11:47:25', NULL, NULL),
(500, 'shema oreste', 's4', 'pcb', '2015-08-24 11:47:26', NULL, NULL),
(501, 'twagirumukiza theodomir', 's4', 'pcb', '2015-08-24 11:47:26', NULL, NULL),
(502, 'ukwishaka yvon', 's4', 'pcb', '2015-08-24 11:47:26', NULL, NULL),
(503, 'uzayambaza eva', 's4', 'pcb', '2015-08-24 11:47:26', NULL, NULL),
(504, 'akali sandrine', 's4', 'pcm', '2015-08-24 11:47:26', NULL, NULL),
(505, 'bayingana henry', 's4', 'pcm', '2015-08-24 11:47:26', NULL, NULL),
(506, 'cyusa aimany', 's4', 'pcm', '2015-08-24 11:47:26', NULL, NULL),
(507, 'gihozo nathalie', 's4', 'pcm', '2015-08-24 11:47:26', NULL, NULL),
(508, 'higiro raphael', 's4', 'pcm', '2015-08-24 11:47:26', NULL, NULL),
(509, 'icyishatse lambert', 's4', 'pcm', '2015-08-24 11:47:26', NULL, NULL),
(510, 'igitangaza eddy samuel', 's4', 'pcm', '2015-08-24 11:47:26', NULL, NULL),
(511, 'ineza dede sonia', 's4', 'pcm', '2015-08-24 11:47:26', NULL, NULL),
(512, 'ingabire blandine', 's4', 'pcm', '2015-08-24 11:47:26', NULL, NULL),
(513, 'iranyumva daniel melvin', 's4', 'pcm', '2015-08-24 11:47:26', NULL, NULL),
(514, 'ishimwe teta marie reine', 's4', 'pcm', '2015-08-24 11:47:26', NULL, NULL),
(515, 'kwizera mireille', 's4', 'pcm', '2015-08-24 11:47:26', NULL, NULL),
(516, 'kwizera zaozoba emmanuel', 's4', 'pcm', '2015-08-24 11:47:26', NULL, NULL),
(517, 'mayisha pacifique', 's4', 'pcm', '2015-08-24 11:47:26', NULL, NULL),
(518, 'mpamyabigwi sunga', 's4', 'pcm', '2015-08-24 11:47:26', NULL, NULL),
(519, 'mpano cedric', 's4', 'pcm', '2015-08-24 11:47:26', NULL, NULL),
(520, 'mugabe yves', 's4', 'pcm', '2015-08-24 11:47:26', NULL, NULL),
(521, 'mugisha brown', 's4', 'pcm', '2015-08-24 11:47:26', NULL, NULL),
(522, 'murengezi brown abu yassin', 's4', 'pcm', '2015-08-24 11:47:26', NULL, NULL),
(523, 'murenzi chris miguel', 's4', 'pcm', '2015-08-24 11:47:27', NULL, NULL),
(524, 'mutake robert', 's4', 'pcm', '2015-08-24 11:47:27', NULL, NULL),
(525, 'mutore grevy', 's4', 'pcm', '2015-08-24 11:47:27', NULL, NULL),
(526, 'muvunyi parfait', 's4', 'pcm', '2015-08-24 11:47:27', NULL, NULL),
(527, 'ndayishiye kevin', 's4', 'pcm', '2015-08-24 11:47:27', NULL, NULL),
(528, 'ngabo uwayo didier', 's4', 'pcm', '2015-08-24 11:47:27', NULL, NULL),
(529, 'niyongabo jules', 's4', 'pcm', '2015-08-24 11:47:27', NULL, NULL),
(530, 'niyonkuru barack', 's4', 'pcm', '2015-08-24 11:47:27', NULL, NULL),
(531, 'nsengiyumva jean de dieu', 's4', 'pcm', '2015-08-24 11:47:27', NULL, NULL),
(532, 'ntihemuka bressing', 's4', 'pcm', '2015-08-24 11:47:27', NULL, NULL),
(533, 'nyilinkindi yvanmaurice', 's4', 'pcm', '2015-08-24 11:47:27', NULL, NULL),
(534, 'rugomwa kevin', 's4', 'pcm', '2015-08-24 11:47:27', NULL, NULL),
(535, 'rwirahira mutagoma jean yves', 's4', 'pcm', '2015-08-24 11:47:27', NULL, NULL),
(536, 'sano sandra', 's4', 'pcm', '2015-08-24 11:47:27', NULL, NULL),
(537, 'umuhoza rwemera leopordine', 's4', 'pcm', '2015-08-24 11:47:27', NULL, NULL),
(538, 'umurerwa viviane', 's4', 'pcm', '2015-08-24 11:47:27', NULL, NULL),
(539, 'ahishakiye anaclet', 's5', 'mcb', '2015-08-24 11:47:27', NULL, NULL),
(540, 'gakuru jonas', 's5', 'mcb', '2015-08-24 11:47:27', NULL, NULL),
(541, 'hakizimana noel', 's5', 'mcb', '2015-08-24 11:47:27', NULL, NULL),
(542, 'iradukunda cesar', 's5', 'mcb', '2015-08-24 11:47:27', NULL, NULL),
(543, 'kalimunda nasser', 's5', 'mcb', '2015-08-24 11:47:28', NULL, NULL),
(544, 'manzi stephane', 's5', 'mcb', '2015-08-24 11:47:28', NULL, NULL),
(545, 'mazimpaka japhet', 's5', 'mcb', '2015-08-24 11:47:28', NULL, NULL),
(546, 'mugisha benoit', 's5', 'mcb', '2015-08-24 11:47:28', NULL, NULL),
(547, 'muhire arsene', 's5', 'mcb', '2015-08-24 11:47:28', NULL, NULL),
(548, 'murindabigwi chadrack', 's5', 'mcb', '2015-08-24 11:47:28', NULL, NULL),
(549, 'musangwa herve', 's5', 'mcb', '2015-08-24 11:47:28', NULL, NULL),
(550, 'mushambokazi sharon', 's5', 'mcb', '2015-08-24 11:47:28', NULL, NULL),
(551, 'musoni jean christian', 's5', 'mcb', '2015-08-24 11:47:28', NULL, NULL),
(552, 'ndwano fils erneste', 's5', 'mcb', '2015-08-24 11:47:28', NULL, NULL),
(553, 'ngabonziza irumva yves', 's5', 'mcb', '2015-08-24 11:47:28', NULL, NULL),
(554, 'niyonkuru steven', 's5', 'mcb', '2015-08-24 11:47:28', NULL, NULL),
(555, 'nsengimana theodore', 's5', 'mcb', '2015-08-24 11:47:28', NULL, NULL),
(556, 'nyirisheja jean noel', 's5', 'mcb', '2015-08-24 11:47:28', NULL, NULL),
(557, 'nzamwita olivier', 's5', 'mcb', '2015-08-24 11:47:28', NULL, NULL),
(558, 'nzayiramya savant', 's5', 'mcb', '2015-08-24 11:47:28', NULL, NULL),
(559, 'rukundo janvier', 's5', 'mcb', '2015-08-24 11:47:28', NULL, NULL),
(560, 'rukundo jean marie vianney', 's5', 'mcb', '2015-08-24 11:47:28', NULL, NULL),
(561, 'shimirwa alain dickson', 's5', 'mcb', '2015-08-24 11:47:28', NULL, NULL),
(562, 'tuyishime pacifique', 's5', 'mcb', '2015-08-24 11:47:28', NULL, NULL),
(563, 'twahirwa asaph', 's5', 'mcb', '2015-08-24 11:47:29', NULL, NULL),
(564, 'twahirwa david', 's5', 'mcb', '2015-08-24 11:47:29', NULL, NULL),
(565, 'ujeneza jean bernard', 's5', 'mcb', '2015-08-24 11:47:29', NULL, NULL),
(566, 'ukurikiyeyezu francois', 's5', 'mcb', '2015-08-24 11:47:29', NULL, NULL),
(567, 'umuganwa remy kevin', 's5', 'mcb', '2015-08-24 11:47:29', NULL, NULL),
(568, 'umurerwa ornella', 's5', 'mcb', '2015-08-24 11:47:29', NULL, NULL),
(569, 'uwambayinema belyse', 's5', 'mcb', '2015-08-24 11:47:29', NULL, NULL),
(570, 'uwimana marie aimee', 's5', 'mcb', '2015-08-24 11:47:29', NULL, NULL),
(571, 'berwa alain roberto', 's5', 'mpc', '2015-08-24 11:47:29', NULL, NULL),
(572, 'byiringiro clement', 's5', 'mpc', '2015-08-24 11:47:29', NULL, NULL),
(573, 'gahamanyi cedric', 's5', 'mpc', '2015-08-24 11:47:29', NULL, NULL),
(574, 'gahungu luc adolphe', 's5', 'mpc', '2015-08-24 11:47:29', NULL, NULL),
(575, 'giraneza nirere anne marie', 's5', 'mpc', '2015-08-24 11:47:29', NULL, NULL),
(576, 'girineza maniraho danny', 's5', 'mpc', '2015-08-24 11:47:29', NULL, NULL),
(577, 'igiraneza aubin joanes', 's5', 'mpc', '2015-08-24 11:47:29', NULL, NULL),
(578, 'ineza afsanat', 's5', 'mpc', '2015-08-24 11:47:29', NULL, NULL),
(579, 'ineza alphonsine', 's5', 'mpc', '2015-08-24 11:47:29', NULL, NULL),
(580, 'iradukunda sadi alphred', 's5', 'mpc', '2015-08-24 11:47:29', NULL, NULL),
(581, 'iradukunda solange', 's5', 'mpc', '2015-08-24 11:47:29', NULL, NULL),
(582, 'irakoze marie antoinette', 's5', 'mpc', '2015-08-24 11:47:29', NULL, NULL),
(583, 'ishimwe ariane', 's5', 'mpc', '2015-08-24 11:47:29', NULL, NULL),
(584, 'ishimwe fabrice', 's5', 'mpc', '2015-08-24 11:47:30', NULL, NULL),
(585, 'ishimwe francois regis', 's5', 'mpc', '2015-08-24 11:47:30', NULL, NULL),
(586, 'ishimwe peace ernette', 's5', 'mpc', '2015-08-24 11:47:30', NULL, NULL),
(587, 'izere josiane tassina', 's5', 'mpc', '2015-08-24 11:47:30', NULL, NULL),
(588, 'kirezi kabanda nelly', 's5', 'mpc', '2015-08-24 11:47:30', NULL, NULL),
(589, 'mugenga yves', 's5', 'mpc', '2015-08-24 11:47:30', NULL, NULL),
(590, 'mugisha giles', 's5', 'mpc', '2015-08-24 11:47:30', NULL, NULL),
(591, 'muhayimana alain olivier', 's5', 'mpc', '2015-08-24 11:47:30', NULL, NULL),
(592, 'muhire louis derrick', 's5', 'mpc', '2015-08-24 11:47:30', NULL, NULL),
(593, 'muhozwenamwe richard', 's5', 'mpc', '2015-08-24 11:47:30', NULL, NULL),
(594, 'mulinda kevin', 's5', 'mpc', '2015-08-24 11:47:30', NULL, NULL),
(595, 'muraganwa isaac', 's5', 'mpc', '2015-08-24 11:47:30', NULL, NULL),
(596, 'murengera danniel', 's5', 'mpc', '2015-08-24 11:47:30', NULL, NULL),
(597, 'muvunyi romeo', 's5', 'mpc', '2015-08-24 11:47:30', NULL, NULL),
(598, 'ndabubaha rebero elyse prince', 's5', 'mpc', '2015-08-24 11:47:30', NULL, NULL),
(599, 'ndayishimiye elisee', 's5', 'mpc', '2015-08-24 11:47:30', NULL, NULL),
(600, 'ngabo elvis', 's5', 'mpc', '2015-08-24 11:47:30', NULL, NULL),
(601, 'niyibizi albert', 's5', 'mpc', '2015-08-24 11:47:30', NULL, NULL),
(602, 'niyomahoro nehemie', 's5', 'mpc', '2015-08-24 11:47:30', NULL, NULL),
(603, 'nkaka yves', 's5', 'mpc', '2015-08-24 11:47:30', NULL, NULL),
(604, 'nshuti ivan bright', 's5', 'mpc', '2015-08-24 11:47:30', NULL, NULL),
(605, 'ntakibazo kamanzi elie', 's5', 'mpc', '2015-08-24 11:47:30', NULL, NULL),
(606, 'nyiringondo ramadhan', 's5', 'mpc', '2015-08-24 11:47:31', NULL, NULL),
(607, 'rukundo ange herman', 's5', 'mpc', '2015-08-24 11:47:31', NULL, NULL),
(608, 'sebineza kevin', 's5', 'mpc', '2015-08-24 11:47:31', NULL, NULL),
(609, 'shyaka patrick', 's5', 'mpc', '2015-08-24 11:47:31', NULL, NULL),
(610, 'songa isimbi mrie des anges', 's5', 'mpc', '2015-08-24 11:47:31', NULL, NULL),
(611, 'tumukunde annette', 's5', 'mpc', '2015-09-21 16:04:52', NULL, NULL),
(612, 'tumukunde blaise derrick', 's5', 'mpc', '2015-08-24 11:47:31', NULL, NULL),
(613, 'umubyeyi linda', 's5', 'mpc', '2015-08-24 11:47:31', NULL, NULL),
(614, 'umubyeyi marie reine', 's5', 'mpc', '2015-08-24 11:47:31', NULL, NULL),
(615, 'umuhire ruzigana credia', 's5', 'mpc', '2015-08-24 11:47:31', NULL, NULL),
(616, 'umutoniwase dorine', 's5', 'mpc', '2015-08-24 11:47:31', NULL, NULL),
(617, 'uwera elisabeth', 's5', 'mpc', '2015-08-24 11:47:31', NULL, NULL),
(618, 'agasaro raissa kevine', 's5', 'mpg', '2015-08-24 11:47:31', NULL, NULL),
(619, 'akanyange cynthia', 's5', 'mpg', '2015-08-24 11:47:31', NULL, NULL),
(620, 'bahenda barnabas', 's5', 'mpg', '2015-08-24 11:47:31', NULL, NULL),
(621, 'banza kamanzi ariel', 's5', 'mpg', '2015-08-24 11:47:31', NULL, NULL),
(622, 'boaz castro', 's5', 'mpg', '2015-08-24 11:47:31', NULL, NULL),
(623, 'byusa regis', 's5', 'mpg', '2015-08-24 11:47:31', NULL, NULL),
(624, 'cyiza mulindwa hillary', 's5', 'mpg', '2015-08-24 11:47:32', NULL, NULL),
(625, 'cyuzuzo iribagiza sandrine', 's5', 'mpg', '2015-08-24 11:47:32', NULL, NULL),
(626, 'dusabe jean chrisostome', 's5', 'mpg', '2015-08-24 11:47:32', NULL, NULL),
(627, 'gahitira rene frank', 's5', 'mpg', '2015-08-24 11:47:32', NULL, NULL),
(628, 'gakuba maurice', 's5', 'mpg', '2015-08-24 11:47:32', NULL, NULL),
(629, 'giraneza sylvie', 's5', 'mpg', '2015-08-24 11:47:32', NULL, NULL),
(630, 'gisabo umubyeyi wivine', 's5', 'mpg', '2015-08-24 11:47:32', NULL, NULL),
(631, 'habimana laurien', 's5', 'mpg', '2015-08-24 11:47:32', NULL, NULL),
(632, 'hatangimana samuel', 's5', 'mpg', '2015-08-24 11:47:32', NULL, NULL),
(633, 'hirwa emma hubert', 's5', 'mpg', '2015-08-24 11:47:32', NULL, NULL),
(634, 'irabizi cyiza fabrice', 's5', 'mpg', '2015-08-24 11:47:32', NULL, NULL),
(635, 'ishimwe pacifique', 's5', 'mpg', '2015-08-24 11:47:32', NULL, NULL),
(636, 'kalimunda marina', 's5', 'mpg', '2015-08-24 11:47:32', NULL, NULL),
(637, 'kirezi aimee rosine', 's5', 'mpg', '2015-08-24 11:47:32', NULL, NULL),
(638, 'manigaba joseph', 's5', 'mpg', '2015-08-24 11:47:32', NULL, NULL),
(639, 'maniraguha jean martin', 's5', 'mpg', '2015-08-24 11:47:32', NULL, NULL),
(640, 'manzi christian', 's5', 'mpg', '2015-08-24 11:47:32', NULL, NULL),
(641, 'manzi cyubahiro patrick', 's5', 'mpg', '2015-08-24 11:47:32', NULL, NULL),
(642, 'mugabo dimitri', 's5', 'mpg', '2015-08-24 11:47:32', NULL, NULL),
(643, 'muhanguzi madvan deo', 's5', 'mpg', '2015-08-24 11:47:32', NULL, NULL),
(644, 'murungi alice', 's5', 'mpg', '2015-08-24 11:47:32', NULL, NULL),
(645, 'muyizere moise', 's5', 'mpg', '2015-08-24 11:47:32', NULL, NULL),
(646, 'nduwimana kelly', 's5', 'mpg', '2015-08-24 11:47:33', NULL, NULL),
(647, 'ngirinshuti simbi kevine', 's5', 'mpg', '2015-08-24 11:47:33', NULL, NULL),
(648, 'niyonkunda eric', 's5', 'mpg', '2015-08-24 11:47:33', NULL, NULL),
(649, 'nizeyimana fabrice', 's5', 'mpg', '2015-08-24 11:47:33', NULL, NULL),
(650, 'ntambara jackson', 's5', 'mpg', '2015-08-24 11:47:33', NULL, NULL),
(651, 'ntwali ndangwa brother', 's5', 'mpg', '2015-08-24 11:47:33', NULL, NULL),
(652, 'ruhangarankiko eloit libert', 's5', 'mpg', '2015-08-24 11:47:33', NULL, NULL),
(653, 'rukundo christian', 's5', 'mpg', '2015-08-24 11:47:33', NULL, NULL),
(654, 'rutayisire ally shabani', 's5', 'mpg', '2015-08-24 11:47:33', NULL, NULL),
(655, 'rwabanyana remy', 's5', 'mpg', '2015-08-24 11:47:33', NULL, NULL),
(656, 'rwigamba elissa', 's5', 'mpg', '2015-08-24 11:47:33', NULL, NULL),
(657, 'shema aime  boris', 's5', 'mpg', '2015-08-24 11:47:33', NULL, NULL),
(658, 'ukunzwe tite', 's5', 'mpg', '2015-08-24 11:47:33', NULL, NULL),
(659, 'umuhire aliane', 's5', 'mpg', '2015-08-24 11:47:33', NULL, NULL),
(660, 'umurungi eunice', 's5', 'mpg', '2015-08-24 11:47:33', NULL, NULL),
(661, 'uwase clementine', 's5', 'mpg', '2015-08-24 11:47:33', NULL, NULL),
(662, 'akazare adolphe', 's5', 'pcb', '2015-08-24 11:47:33', NULL, NULL),
(663, 'amizero salomon', 's5', 'pcb', '2015-08-24 11:47:33', NULL, NULL),
(664, 'bizimana theogene', 's5', 'pcb', '2015-08-24 11:47:33', NULL, NULL),
(665, 'dukuzumuremyi fiston', 's5', 'pcb', '2015-08-24 11:47:33', NULL, NULL),
(666, 'dushime divin', 's5', 'pcb', '2015-08-24 11:47:33', NULL, NULL),
(667, 'habimana emmanuel', 's5', 'pcb', '2015-08-24 11:47:33', NULL, NULL),
(668, 'habiyaremye alain josias', 's5', 'pcb', '2015-08-24 11:47:33', NULL, NULL),
(669, 'hirwa kayijuka victor', 's5', 'pcb', '2015-08-24 11:47:33', NULL, NULL),
(670, 'iradukunda jean d''amour', 's5', 'pcb', '2015-08-24 11:47:34', NULL, NULL),
(671, 'iradukunda joas', 's5', 'pcb', '2015-08-24 11:47:34', NULL, NULL),
(672, 'ishimwe rwihimba fabrice', 's5', 'pcb', '2015-08-24 11:47:34', NULL, NULL),
(673, 'izabayo samuel', 's5', 'pcb', '2015-08-24 11:47:34', NULL, NULL),
(674, 'karegeya yvan', 's5', 'pcb', '2015-08-24 11:47:34', NULL, NULL),
(675, 'kirezi kamikazi jessica', 's5', 'pcb', '2015-08-24 11:47:34', NULL, NULL),
(676, 'kwibyara honore', 's5', 'pcb', '2015-08-24 11:47:34', NULL, NULL),
(677, 'kwizera nkundira theotime', 's5', 'pcb', '2015-08-24 11:47:34', NULL, NULL);
INSERT INTO `students` (`s_id`, `s_name`, `class`, `section`, `save_date`, `pass`, `activate`) VALUES
(678, 'mbonimana djuma', 's5', 'pcb', '2015-08-24 11:47:34', NULL, NULL),
(679, 'mihigo aime wilson', 's5', 'pcb', '2015-08-24 11:47:34', NULL, NULL),
(680, 'mugisha james', 's5', 'pcb', '2015-08-24 11:47:34', NULL, NULL),
(681, 'muhayemariya gloria', 's5', 'pcb', '2015-08-24 11:47:34', NULL, NULL),
(682, 'muneza christian', 's5', 'pcb', '2015-08-24 11:47:34', NULL, NULL),
(683, 'munyambaraga cyubahiro israel', 's5', 'pcb', '2015-08-24 11:47:34', NULL, NULL),
(684, 'musabyiyaremye diane', 's5', 'pcb', '2015-08-24 11:47:34', NULL, NULL),
(685, 'mutangana rubimbura edmond', 's5', 'pcb', '2015-08-24 11:47:34', NULL, NULL),
(686, 'mutoniwase mbaya aroob', 's5', 'pcb', '2015-08-24 11:47:35', NULL, NULL),
(687, 'niyigena amina', 's5', 'pcb', '2015-08-24 11:47:35', NULL, NULL),
(688, 'niyonsaba alphonse', 's5', 'pcb', '2015-08-24 11:47:35', NULL, NULL),
(689, 'niyonshuti emmanuel', 's5', 'pcb', '2015-08-24 11:47:35', NULL, NULL),
(690, 'nsanzamahoro evariste', 's5', 'pcb', '2015-08-24 11:47:35', NULL, NULL),
(691, 'nshuti honore patrick', 's5', 'pcb', '2015-08-24 11:47:35', NULL, NULL),
(692, 'nshuti joseph', 's5', 'pcb', '2015-08-24 11:47:35', NULL, NULL),
(693, 'ntambuko shema divin', 's5', 'pcb', '2015-08-24 11:47:35', NULL, NULL),
(694, 'nzayisenga ephrone', 's5', 'pcb', '2015-08-24 11:47:35', NULL, NULL),
(695, 'nziza adelite', 's5', 'pcb', '2015-08-24 11:47:35', NULL, NULL),
(696, 'rugema alain gauthier', 's5', 'pcb', '2015-08-24 11:47:35', NULL, NULL),
(697, 'rukundo manishimwe joel', 's5', 'pcb', '2015-08-24 11:47:35', NULL, NULL),
(698, 'shema  robert', 's5', 'pcb', '2015-08-24 11:47:35', NULL, NULL),
(699, 'tuyizere jean pierre', 's5', 'pcb', '2015-08-24 11:47:36', NULL, NULL),
(700, 'twiringiyimana jean marie vianney', 's5', 'pcb', '2015-08-24 11:47:36', NULL, NULL),
(701, 'twizere hubert', 's5', 'pcb', '2015-08-24 11:47:36', NULL, NULL),
(702, 'uwamahoro aline', 's5', 'pcb', '2015-08-24 11:47:36', NULL, NULL),
(703, 'uwamahoro divine', 's5', 'pcb', '2015-08-24 11:47:36', NULL, NULL),
(704, 'uwimpuhwe joyeuse', 's5', 'pcb', '2015-08-24 11:47:36', NULL, NULL),
(705, 'habineza yves damas', 's5', 'pcm', '2015-08-24 11:47:36', NULL, NULL),
(706, 'harerimana yves', 's5', 'pcm', '2015-08-24 11:47:36', NULL, NULL),
(707, 'ibanda hassan', 's5', 'pcm', '2015-08-24 11:47:36', NULL, NULL),
(708, 'inyange lisa yvette', 's5', 'pcm', '2015-08-24 11:47:36', NULL, NULL),
(709, 'iradukunda clement', 's5', 'pcm', '2015-08-24 11:47:36', NULL, NULL),
(710, 'iradukunda gashagaza sabin', 's5', 'pcm', '2015-08-24 11:47:36', NULL, NULL),
(711, 'irakoze cedric', 's5', 'pcm', '2015-08-24 11:47:36', NULL, NULL),
(712, 'ishimwe aurore sandra', 's5', 'pcm', '2015-08-24 11:47:36', NULL, NULL),
(713, 'ishimwe christian', 's5', 'pcm', '2015-08-24 11:47:36', NULL, NULL),
(714, 'ishimwe tunga yannick', 's5', 'pcm', '2015-08-24 11:47:36', NULL, NULL),
(715, 'ishimwe valeriane', 's5', 'pcm', '2015-08-24 11:47:36', NULL, NULL),
(716, 'kanamugire robert', 's5', 'pcm', '2015-08-24 11:47:36', NULL, NULL),
(717, 'karangwa fidele marie', 's5', 'pcm', '2015-08-24 11:47:36', NULL, NULL),
(718, 'manzi frank jonas', 's5', 'pcm', '2015-08-24 11:47:36', NULL, NULL),
(719, 'mizero heritier', 's5', 'pcm', '2015-08-24 11:47:36', NULL, NULL),
(720, 'mucyo david', 's5', 'pcm', '2015-08-24 11:47:36', NULL, NULL),
(721, 'mucyo richard', 's5', 'pcm', '2015-08-24 11:47:36', NULL, NULL),
(722, 'mugabo japhet', 's5', 'pcm', '2015-08-24 11:47:37', NULL, NULL),
(723, 'mugeni angelique', 's5', 'pcm', '2015-08-24 11:47:37', NULL, NULL),
(724, 'mugisha nshimiyumukiza aime', 's5', 'pcm', '2015-08-24 11:47:37', NULL, NULL),
(725, 'mugisha olivier', 's5', 'pcm', '2015-08-24 11:47:37', NULL, NULL),
(726, 'muhoza blaise', 's5', 'pcm', '2015-08-24 11:47:37', NULL, NULL),
(727, 'mukansanga louise', 's5', 'pcm', '2015-08-24 11:47:37', NULL, NULL),
(728, 'mukeshimana umuhire yvette', 's5', 'pcm', '2015-08-24 11:47:37', NULL, NULL),
(729, 'muterahejuru prince didier', 's5', 'pcm', '2015-08-24 11:47:37', NULL, NULL),
(730, 'niyigena gihozo serge', 's5', 'pcm', '2015-08-24 11:47:37', NULL, NULL),
(731, 'nsabimana ubumwe salomon', 's5', 'pcm', '2015-08-24 11:47:37', NULL, NULL),
(732, 'nshizirungu rugwiro eloi', 's5', 'pcm', '2015-08-24 11:47:37', NULL, NULL),
(733, 'nsingize benitha', 's5', 'pcm', '2015-08-24 11:47:37', NULL, NULL),
(734, 'nzamurambaho fiacre', 's5', 'pcm', '2015-08-24 11:47:37', NULL, NULL),
(735, 'rubimbura bony patrick', 's5', 'pcm', '2015-08-24 11:47:37', NULL, NULL),
(736, 'rudasingwa brinny olivier', 's5', 'pcm', '2015-08-24 11:47:37', NULL, NULL),
(737, 'rukundo jean olivier', 's5', 'pcm', '2015-08-24 11:47:37', NULL, NULL),
(738, 'shimirwa umuhoza joyeux dimitri', 's5', 'pcm', '2015-08-24 11:47:37', NULL, NULL),
(739, 'tumukunde igihozo elvira', 's5', 'pcm', '2015-08-24 11:47:37', NULL, NULL),
(740, 'twahirwa thierry', 's5', 'pcm', '2015-08-24 11:47:38', NULL, NULL),
(741, 'umutoniwase brenda', 's5', 'pcm', '2015-08-24 11:47:38', NULL, NULL),
(742, 'uwase nicole', 's5', 'pcm', '2015-08-24 11:47:38', NULL, NULL),
(743, 'bamureke naome', 's6', 'mcb', '2015-08-24 11:47:38', NULL, NULL),
(744, 'benenkera agathon', 's6', 'mcb', '2015-08-24 11:47:38', NULL, NULL),
(745, 'dusingizimana clementine', 's6', 'mcb', '2015-08-24 11:47:38', NULL, NULL),
(746, 'gakwaya honorable', 's6', 'mcb', '2015-08-24 11:47:38', NULL, NULL),
(747, 'gihozo nzaramba herve', 's6', 'mcb', '2015-08-24 11:47:38', NULL, NULL),
(748, 'habarugira jean claude', 's6', 'mcb', '2015-08-24 11:47:38', NULL, NULL),
(749, 'harerimana resedie', 's6', 'mcb', '2015-08-24 11:47:38', NULL, NULL),
(750, 'igihozo divine', 's6', 'mcb', '2015-08-24 11:47:38', NULL, NULL),
(751, 'igihozo marie fideline', 's6', 'mcb', '2015-08-24 11:47:38', NULL, NULL),
(752, 'iradukunda angelique', 's6', 'mcb', '2015-08-24 11:47:38', NULL, NULL),
(753, 'iradukunda augustin', 's6', 'mcb', '2015-08-24 11:47:38', NULL, NULL),
(754, 'iradukunda justin', 's6', 'mcb', '2015-08-24 11:47:38', NULL, NULL),
(755, 'iranyumva mardochã©e', 's6', 'mcb', '2015-08-24 11:47:38', NULL, NULL),
(756, 'jambo eric', 's6', 'mcb', '2015-08-24 11:47:38', NULL, NULL),
(757, 'kamoso robert', 's6', 'mcb', '2015-08-24 11:47:38', NULL, NULL),
(758, 'kanani thierry', 's6', 'mcb', '2015-08-24 11:47:38', NULL, NULL),
(759, 'makombe david', 's6', 'mcb', '2015-08-24 11:47:38', NULL, NULL),
(760, 'mugabe jean claude', 's6', 'mcb', '2015-08-24 11:47:38', NULL, NULL),
(761, 'mugisha arsene cedrick', 's6', 'mcb', '2015-08-24 11:47:39', NULL, NULL),
(762, 'muhizi aldo', 's6', 'mcb', '2015-08-24 11:47:39', NULL, NULL),
(763, 'munyabarame clementine', 's6', 'mcb', '2015-08-24 11:47:39', NULL, NULL),
(764, 'murenzi ivan', 's6', 'mcb', '2015-08-24 11:47:39', NULL, NULL),
(765, 'mutabazi ngango arsene', 's6', 'mcb', '2015-08-24 11:47:39', NULL, NULL),
(766, 'mutsinzi onesphore', 's6', 'mcb', '2015-08-24 11:47:39', NULL, NULL),
(767, 'mwizerwa bienvenu', 's6', 'mcb', '2015-08-24 11:47:39', NULL, NULL),
(768, 'nayituriki thierry', 's6', 'mcb', '2015-08-24 11:47:39', NULL, NULL),
(769, 'ndagijimana sebastien', 's6', 'mcb', '2015-08-24 11:47:39', NULL, NULL),
(770, 'ndagijimana yves', 's6', 'mcb', '2015-08-24 11:47:39', NULL, NULL),
(771, 'ndicunguye jean paul', 's6', 'mcb', '2015-08-24 11:47:39', NULL, NULL),
(772, 'niyonkuru angelique', 's6', 'mcb', '2015-08-24 11:47:39', NULL, NULL),
(773, 'niyonkuru tuyishime gustave', 's6', 'mcb', '2015-08-24 11:47:39', NULL, NULL),
(774, 'nkunda iyeze shalom', 's6', 'mcb', '2015-08-24 11:47:39', NULL, NULL),
(775, 'nteziryayo mukiza serge', 's6', 'mcb', '2015-08-24 11:47:39', NULL, NULL),
(776, 'nyarwaya rwagiriza ronald', 's6', 'mcb', '2015-08-24 11:47:39', NULL, NULL),
(777, 'rukiliza denys', 's6', 'mcb', '2015-08-24 11:47:39', NULL, NULL),
(778, 'sezibera hamis', 's6', 'mcb', '2015-08-24 11:47:39', NULL, NULL),
(779, 'shyaka frank', 's6', 'mcb', '2015-08-24 11:47:39', NULL, NULL),
(780, 'simbi anny christella', 's6', 'mcb', '2015-08-24 11:47:39', NULL, NULL),
(781, 'umunyana raissa', 's6', 'mcb', '2015-08-24 11:47:39', NULL, NULL),
(782, 'uwase gaspard', 's6', 'mcb', '2015-08-24 11:47:39', NULL, NULL),
(783, 'uwayezu david', 's6', 'mcb', '2015-08-24 11:47:39', NULL, NULL),
(784, 'buheta jean bella', 's6', 'mpc', '2015-08-24 11:47:39', NULL, NULL),
(785, 'BYIRINGIRO JEAN CLAUDE BILLy', 's6', 'mpc', '2015-09-22 00:52:18', 'billy', 1),
(786, 'gatete kamanzi kevin', 's6', 'mpc', '2015-08-24 11:47:40', NULL, NULL),
(787, 'habarurema simon', 's6', 'mpc', '2015-08-24 11:47:40', NULL, NULL),
(788, 'hakizimana jean rene', 's6', 'mpc', '2015-08-24 11:47:40', NULL, NULL),
(789, 'iradukunda appolinaire', 's6', 'mpc', '2015-08-24 11:47:40', NULL, NULL),
(790, 'iradukunda jean de la paix', 's6', 'mpc', '2015-08-24 11:47:40', NULL, NULL),
(791, 'ishimwe alpha nour sadeny', 's6', 'mpc', '2015-08-24 11:47:40', NULL, NULL),
(792, 'ishimwe christian', 's6', 'mpc', '2015-08-24 11:47:40', NULL, NULL),
(793, 'ishimwe divin claudel', 's6', 'mpc', '2015-08-24 11:47:40', NULL, NULL),
(794, 'ishimwe manzi ode loic', 's6', 'mpc', '2015-08-24 11:47:40', NULL, NULL),
(795, 'ishimwe ndakebuka aristide', 's6', 'mpc', '2015-08-24 11:47:40', NULL, NULL),
(796, 'ishimwe ndizeye evelyne', 's6', 'mpc', '2015-08-24 11:47:40', NULL, NULL),
(797, 'ishimwe nelly christelle', 's6', 'mpc', '2015-08-24 11:47:40', NULL, NULL),
(798, 'izabe yves', 's6', 'mpc', '2015-08-24 11:47:40', NULL, NULL),
(799, 'juru michel herve', 's6', 'mpc', '2015-08-24 11:47:40', NULL, NULL),
(800, 'kabananiye clement', 's6', 'mpc', '2015-08-24 11:47:40', NULL, NULL),
(801, 'kayitare davis', 's6', 'mpc', '2015-08-24 11:47:40', NULL, NULL),
(802, 'manzi collins', 's6', 'mpc', '2015-08-24 11:47:40', NULL, NULL),
(803, 'manzi yvon', 's6', 'mpc', '2015-08-24 11:47:41', NULL, NULL),
(804, 'minani thierry', 's6', 'mpc', '2015-08-24 11:47:41', NULL, NULL),
(805, 'mituzo christian leon', 's6', 'mpc', '2015-08-24 11:47:41', NULL, NULL),
(806, 'mudahakana janvier', 's6', 'mpc', '2015-08-24 11:47:41', NULL, NULL),
(807, 'mugabo tresor remy', 's6', 'mpc', '2015-08-24 11:47:41', NULL, NULL),
(808, 'mugenzi elie', 's6', 'mpc', '2015-08-24 11:47:41', NULL, NULL),
(809, 'mugisha danny', 's6', 'mpc', '2015-08-24 11:47:41', NULL, NULL),
(810, 'muhire aubin', 's6', 'mpc', '2015-08-24 11:47:41', NULL, NULL),
(811, 'muhirwa leandre marie', 's6', 'mpc', '2015-08-24 11:47:41', NULL, NULL),
(812, 'munezero aime', 's6', 'mpc', '2015-08-24 11:47:41', NULL, NULL),
(813, 'munyaneza iradukunda placide', 's6', 'mpc', '2015-08-24 11:47:41', NULL, NULL),
(814, 'ndigande alain patrick', 's6', 'mpc', '2015-08-24 11:47:41', NULL, NULL),
(815, 'ndoba hodari junior', 's6', 'mpc', '2015-08-24 11:47:41', NULL, NULL),
(816, 'nikuze diane', 's6', 'mpc', '2015-08-24 11:47:41', NULL, NULL),
(817, 'niyobyose alain', 's6', 'mpc', '2015-08-24 11:47:41', NULL, NULL),
(818, 'niyomugabo odilo berthrand', 's6', 'mpc', '2015-08-24 11:47:41', NULL, NULL),
(819, 'nshimiimana willy', 's6', 'mpc', '2015-09-21 16:44:12', 'willy', 1),
(820, 'nzayinambaho schadrack', 's6', 'mpc', '2015-08-24 11:47:41', NULL, NULL),
(821, 'prestige eros alain', 's6', 'mpc', '2015-09-21 16:20:21', NULL, 1),
(822, 'semugaza deo', 's6', 'mpc', '2015-08-24 11:47:41', NULL, NULL),
(823, 'shema kabuto sylvie', 's6', 'mpc', '2015-08-24 11:47:41', NULL, NULL),
(824, 'tuyishime jean de dieu', 's6', 'mpc', '2015-08-24 11:47:41', NULL, NULL),
(825, 'uwase nawal', 's6', 'mpc', '2015-08-24 11:47:41', NULL, NULL),
(826, 'uwizera samuel', 's6', 'mpc', '2015-08-24 11:47:41', NULL, NULL),
(827, 'amata joy', 's6', 'mpg', '2015-08-24 11:47:41', NULL, NULL),
(828, 'cyiza tresor', 's6', 'mpg', '2015-08-24 11:47:42', NULL, NULL),
(829, 'cyusa karangwa landry pacifique', 's6', 'mpg', '2015-08-24 11:47:42', NULL, NULL),
(830, 'dukundane jean de dieu', 's6', 'mpg', '2015-08-24 11:47:42', NULL, NULL),
(831, 'dusabimana jean paul', 's6', 'mpg', '2015-08-24 11:47:42', NULL, NULL),
(832, 'dushimimana eric', 's6', 'mpg', '2015-08-24 11:47:42', NULL, NULL),
(833, 'ingabire pacifique', 's6', 'mpg', '2015-08-24 11:47:42', NULL, NULL),
(834, 'iradukunda jean claude', 's6', 'mpg', '2015-08-24 11:47:42', NULL, NULL),
(835, 'ishimwe sandrine', 's6', 'mpg', '2015-08-24 11:47:42', NULL, NULL),
(836, 'isimbi gretha', 's6', 'mpg', '2015-08-24 11:47:42', NULL, NULL),
(837, 'kamanzi evarist', 's6', 'mpg', '2015-08-24 11:47:42', NULL, NULL),
(838, 'kanamugire julien', 's6', 'mpg', '2015-08-24 11:47:42', NULL, NULL),
(839, 'kwizera olivier', 's6', 'mpg', '2015-08-24 11:47:42', NULL, NULL),
(840, 'mizero arsene', 's6', 'mpg', '2015-08-24 11:47:42', NULL, NULL),
(841, 'mugisha godfrey', 's6', 'mpg', '2015-08-24 11:47:42', NULL, NULL),
(842, 'mugisha nelson', 's6', 'mpg', '2015-08-24 11:47:42', NULL, NULL),
(843, 'muhanguzi sam', 's6', 'mpg', '2015-08-24 11:47:42', NULL, NULL),
(844, 'mukakamaro lyse', 's6', 'mpg', '2015-08-24 11:47:42', NULL, NULL),
(845, 'mulisa isaac', 's6', 'mpg', '2015-08-24 11:47:42', NULL, NULL),
(846, 'munyakabera jean claude&amp;nbsp;', 's6', 'mpg', '2015-08-31 14:15:15', NULL, NULL),
(847, 'murekezi hakhim', 's6', 'mpg', '2015-08-24 11:47:42', NULL, NULL),
(848, 'muzabibu edmond', 's6', 'mpg', '2015-08-24 11:47:43', NULL, NULL),
(849, 'mwiseneza impano leandre', 's6', 'mpg', '2015-08-24 11:47:43', NULL, NULL),
(850, 'ndabereye clement', 's6', 'mpg', '2015-08-24 11:47:43', NULL, NULL),
(851, 'ndabikunze alain steve', 's6', 'mpg', '2015-08-24 11:47:43', NULL, NULL),
(852, 'ndorimana daniel', 's6', 'mpg', '2015-08-24 11:47:43', NULL, NULL),
(853, 'neza grace', 's6', 'mpg', '2015-08-24 11:47:43', NULL, NULL),
(854, 'ngabo yassini', 's6', 'mpg', '2015-08-24 11:47:43', NULL, NULL),
(855, 'ngabonziza guylain', 's6', 'mpg', '2015-08-24 11:47:43', NULL, NULL),
(856, 'niyongabo christian', 's6', 'mpg', '2015-08-24 11:47:43', NULL, NULL),
(857, 'nshimiyimana marie dominique', 's6', 'mpg', '2015-08-24 11:47:43', NULL, NULL),
(858, 'nyiringango alain', 's6', 'mpg', '2015-08-24 11:47:43', NULL, NULL),
(859, 'shema janvier', 's6', 'mpg', '2015-08-24 11:47:43', NULL, NULL),
(860, 'turabayo eric', 's6', 'mpg', '2015-08-24 11:47:43', NULL, NULL),
(861, 'tuyishime gaudence', 's6', 'mpg', '2015-08-24 11:47:43', NULL, NULL),
(862, 'tuyishime patrick', 's6', 'mpg', '2015-08-24 11:47:43', NULL, NULL),
(863, 'tuyizere samuel', 's6', 'mpg', '2015-08-24 11:47:43', NULL, NULL),
(864, 'twizere diane', 's6', 'mpg', '2015-08-24 11:47:43', NULL, NULL),
(865, 'ukuri kunda crepin', 's6', 'mpg', '2015-08-24 11:47:43', NULL, NULL),
(866, 'umutesi justine', 's6', 'mpg', '2015-08-24 11:47:44', NULL, NULL),
(867, 'twagirumukiza fidele', 's6', 'mpg', '2015-08-24 11:47:44', NULL, NULL),
(868, 'abasenga senkobwa genie', 's6', 'pcb', '2015-09-12 14:57:30', NULL, NULL),
(869, 'ahishakiye egide', 's6', 'pcb', '2015-08-24 11:47:44', NULL, NULL),
(870, 'akimana christine', 's6', 'pcb', '2015-08-24 11:47:44', NULL, NULL),
(871, 'benimana elvis', 's6', 'pcb', '2015-08-24 11:47:44', NULL, NULL),
(872, 'bizimana jean david', 's6', 'pcb', '2015-08-24 11:47:44', NULL, NULL),
(873, 'dushimimana noã«lla', 's6', 'pcb', '2015-08-24 11:47:44', NULL, NULL),
(874, 'gatete junior', 's6', 'pcb', '2015-08-24 11:47:44', NULL, NULL),
(875, 'hagenimana jean paul', 's6', 'pcb', '2015-08-24 11:47:44', NULL, NULL),
(876, 'hakimu jean claude', 's6', 'pcb', '2015-08-24 11:47:44', NULL, NULL),
(877, 'ineza patrick', 's6', 'pcb', '2015-08-24 11:47:44', NULL, NULL),
(878, 'iradukunda cã©cile', 's6', 'pcb', '2015-08-24 11:47:44', NULL, NULL),
(879, 'iradukunda nyamurinda dibã©roger', 's6', 'pcb', '2015-08-24 11:47:44', NULL, NULL),
(880, 'irakoze josiane', 's6', 'pcb', '2015-08-24 11:47:44', NULL, NULL),
(881, 'ishimwe deborah', 's6', 'pcb', '2015-08-24 11:47:44', NULL, NULL),
(882, 'mpabwanimana penina', 's6', 'pcb', '2015-08-24 11:47:44', NULL, NULL),
(883, 'murenzi james', 's6', 'pcb', '2015-08-24 11:47:44', NULL, NULL),
(884, 'ndayisaba emmanuel', 's6', 'pcb', '2015-08-24 11:47:44', NULL, NULL),
(885, 'ndayishimiye raissa', 's6', 'pcb', '2015-08-24 11:47:44', NULL, NULL),
(886, 'ndihokubwayo franã§ois', 's6', 'pcb', '2015-08-24 11:47:44', NULL, NULL),
(887, 'nduwayezu vainqueur', 's6', 'pcb', '2015-08-24 11:47:44', NULL, NULL),
(888, 'niyitanga eliab', 's6', 'pcb', '2015-08-24 11:47:44', NULL, NULL),
(889, 'nkundimana vã©daste', 's6', 'pcb', '2015-08-24 11:47:44', NULL, NULL),
(890, 'nkurunziza frank', 's6', 'pcb', '2015-08-24 11:47:45', NULL, NULL),
(891, 'nsanzimana fabrice', 's6', 'pcb', '2015-08-24 11:47:45', NULL, NULL),
(892, 'nshimiyimana karangwa eric ', 's6', 'pcb', '2015-08-24 11:47:45', NULL, NULL),
(893, 'ntiganzwa jackson', 's6', 'pcb', '2015-08-24 11:47:45', NULL, NULL),
(894, 'nyinawabo marie claire', 's6', 'pcb', '2015-08-24 11:47:45', NULL, NULL),
(895, 'rukundo moise', 's6', 'pcb', '2015-08-24 11:47:45', NULL, NULL),
(896, 'rusizana kirezi nicole gabriã©lla', 's6', 'pcb', '2015-08-24 11:47:45', NULL, NULL),
(897, 'semana vincent', 's6', 'pcb', '2015-08-24 11:47:45', NULL, NULL),
(898, 'shema olivier', 's6', 'pcb', '2015-08-24 11:47:45', NULL, NULL),
(899, 'tuyishime kevin', 's6', 'pcb', '2015-08-24 11:47:45', NULL, NULL),
(900, 'tuyizere simbi fabrice', 's6', 'pcb', '2015-08-24 11:47:45', NULL, NULL),
(901, 'twibanire jean de dieu', 's6', 'pcb', '2015-08-24 11:47:45', NULL, NULL),
(902, 'twizere pacis ', 's6', 'pcb', '2015-08-24 11:47:45', NULL, NULL),
(903, 'ubahwa solange', 's6', 'pcb', '2015-08-24 11:47:45', NULL, NULL),
(904, 'ufitimana hirwa christian', 's6', 'pcb', '2015-08-24 11:47:45', NULL, NULL),
(905, 'ufitinema jean arstide', 's6', 'pcb', '2015-08-24 11:47:45', NULL, NULL),
(906, 'ugiriwabo eugã©nie', 's6', 'pcb', '2015-08-24 11:47:45', NULL, NULL),
(907, 'uwiduhaye denys', 's6', 'pcb', '2015-08-24 11:47:45', NULL, NULL),
(908, 'uwimfura chantal', 's6', 'pcb', '2015-08-24 11:47:45', NULL, NULL),
(909, 'uyisenga jean claude', 's6', 'pcb', '2015-08-24 11:47:45', NULL, NULL);

--
-- Indexes for dumped tables
--

--
-- Indexes for table `activity`
--
ALTER TABLE `activity`
  ADD PRIMARY KEY (`id`);

--
-- Indexes for table `admin`
--
ALTER TABLE `admin`
  ADD PRIMARY KEY (`id`);

--
-- Indexes for table `books`
--
ALTER TABLE `books`
  ADD PRIMARY KEY (`book_no`);

--
-- Indexes for table `book_cat`
--
ALTER TABLE `book_cat`
  ADD PRIMARY KEY (`id`);

--
-- Indexes for table `librarians`
--
ALTER TABLE `librarians`
  ADD PRIMARY KEY (`l_id`),
  ADD UNIQUE KEY `name` (`name`);

--
-- Indexes for table `prof_out`
--
ALTER TABLE `prof_out`
  ADD PRIMARY KEY (`id`);

--
-- Indexes for table `students`
--
ALTER TABLE `students`
  ADD PRIMARY KEY (`s_id`);

--
-- AUTO_INCREMENT for dumped tables
--

--
-- AUTO_INCREMENT for table `activity`
--
ALTER TABLE `activity`
  MODIFY `id` bigint(20) NOT NULL AUTO_INCREMENT,AUTO_INCREMENT=26;
--
-- AUTO_INCREMENT for table `admin`
--
ALTER TABLE `admin`
  MODIFY `id` int(11) NOT NULL AUTO_INCREMENT,AUTO_INCREMENT=2;
--
-- AUTO_INCREMENT for table `book_cat`
--
ALTER TABLE `book_cat`
  MODIFY `id` int(11) NOT NULL AUTO_INCREMENT;
--
-- AUTO_INCREMENT for table `librarians`
--
ALTER TABLE `librarians`
  MODIFY `l_id` int(11) NOT NULL AUTO_INCREMENT,AUTO_INCREMENT=19;
--
-- AUTO_INCREMENT for table `prof_out`
--
ALTER TABLE `prof_out`
  MODIFY `id` int(11) NOT NULL AUTO_INCREMENT,AUTO_INCREMENT=7;
--
-- AUTO_INCREMENT for table `students`
--
ALTER TABLE `students`
  MODIFY `s_id` int(11) NOT NULL AUTO_INCREMENT,AUTO_INCREMENT=910;
/*!40101 SET CHARACTER_SET_CLIENT=@OLD_CHARACTER_SET_CLIENT */;
/*!40101 SET CHARACTER_SET_RESULTS=@OLD_CHARACTER_SET_RESULTS */;
/*!40101 SET COLLATION_CONNECTION=@OLD_COLLATION_CONNECTION */;
